AAAAAAAAAAAAAAAAAAAAAAAAAAAAAA	0.954449415
TTTTTTTTTTTTTTTTTTTTTTTTTTTTTT	5.66447049e-14
NNNNNNNNNNNNNNNNNNNNNNNNNNNNNN	0.401089489
AAAAAAAAAAAAAAAAAAAAAAAAAAAAAC	0.965276718
GGGAAATACAATAAAAAAAAAAATAGTTAA	0.972715855
AAAGAAAGGCAGACTAAAAAAAAACCAAAA	0.936935127
AACAATAAAACAAAAAAAAAAAAAACAAAA	0.964282513
AAAAAATAAAAAAAGAAAAAAAAAGAAAAT	0.979929745
AAACACAAAATACAAAAAAAAAAAACAAAG	0.959191144
AAAAATACTTTACATAAATAAATAGACGAG	0.79499948
ACGTAGAAATGAAAAAACATAAAAAAGCAG	0.941555381
AAACCGTGAAGATAAAAATAAATTACCATA	0.683211982
CATTGACGTAAGGACAAGACCCAAAAGTGC	0.0160129853
CCCAACTCAACAAGTACGAATATTTAAATC	0.0446530357
TAACAGAAAGAAATGTCAAATAAAAAACAA	0.936341643
CATGAGCCAAAGAATGACCGGACATGACAA	0.24611178
AAACAGACAACCTGNAACAGCGAAAGCTAG	0.167225346
GGATAACGAAAACAATATATACATAGCAAA	0.631099522
TCAGTATGAAAANAAGAAAATGGTAANNTA	0.910360694
AATGGAATATAAAGAGAAAAAGACATAAAA	0.889395177
TCAAAAGAAAAGATGGAGAAACAGGAGACC	0.969700217
CAAANTAGGTAAATAACGTATAAAAAAAGG	0.956561029
TAAGTANAACGNATTNGCNAANTGNAATAA	0.144764289
ATGCAGAACTCATAGCAAAATGAGCTGACC	0.0896594599
ACGACAAAAAAGAGTAAAATTGAATCAAAT	0.949614108
AAAAAAGAAAAAAGAAAAAAAAAAAAAAAA	0.98232919
AAAATAAAACAATAAAAAGAAATTATACGC	0.940661848
TGAAGAAATAGCACGAAAGATAAGATAGGC	0.748914361
AGTTCACAGTAAAACAGAACAGGAATATTA	0.231762841
ACGCGTTCATTAGCATACACATGGCTACAG	0.000114477923
AACCAACAACAAAACAAAAATAACAAACGT	0.761956096
ACAAAAACAAACCTATGAAGAAAAAAAAAA	0.904657722
AGCAGTCAAGAAAACTGGTAAATTACCCCG	0.436872959
AAGTAAAAAAACAGAAAGTAGCATAAAATA	0.9573403
AAGTGTATACCATAGCATGAAAATCACCGT	0.106201783
CCCAGATAAACTCTTATCCATCCAGTAGCC	0.0501206592
CAATAAAAAAACGCCCTAAATATAAAATTT	0.843794107
TAATCAAAAGTAAATGATAAAACATAATAA	0.809176862
CNAACAAACAANAAAAAAAAAAAAAAAGNA	0.967464387
AACATAAAAAACTAATGAAAAGCGCAAAAG	0.921217263
TATAAAAAAACAAAATAAAAAAAAAAAAAA	0.981640756
ACATAAAAAACCTGAAAAAAAAAAAACAGA	0.963064969
ATACATTGGTATAACAGTAAAACCGAAGAC	0.00983318407
ATATACAAAAAAACAAAAGAAAAAAAAAAA	0.959359109
AATAAATAAAAAAATCAACAAATAAAAATA	0.968460917
AAAAAAATAAAAAATAAAAAAGAAAACAAA	0.9816643
CGTTCATAACTAGCCGGTAAAAAGAACTAC	0.0803018957
CACTTCAAGACAACACCAGCGGAGTAAAAA	0.0705275461
AAAAAACAAAAAGAAAAAAATAAAAAAAAA	0.973841548
TATGACCCTATAAGACTGCATATGTACTCT	0.0102854809
CNAAAANTACAAAAAAAAANAAAAAAAAAA	0.989136696
AAAAGGTTTATCAACCAAATTTTGCAGAAT	0.126120582
GAATATCACAAAAATCAAAAGAGCATACAA	0.569164515
AACNNGTNAACAAAAATCAATTTAANAAGA	0.674552798
ATTAATAAAATGAACGAAAAGCTAACTGAA	0.687244534
NAANACAAAAAGGAAAAAANNAAAAATAAA	0.961346626
AAAAACAAAGAAAAAAATAAGATAAATAAA	0.970939457
GCCTTGAGAAAAAGTGAGATAGGATTAGAT	0.541925728
ACATATACCGTTAAAGAATAGAAGTACATT	0.24130635
AAAACAGAAAGAAAAAAAAAAAATAAACAA	0.975545228
AAAGAAAACGAAAAAAAAAAAGAAAGAAAT	0.986545146
AACATTGCACAGAATTCTAAAGAAATTTTT	0.26759696
AACAAAAAAAATAAAAAAAAAAAAAAATAA	0.987830937
AAGAAAAAAATCAAAAAAAAAAAAAAAAAA	0.98876369
GAACCAAACAGGAAAATGAAATCTAAAAAA	0.7148543
ACAAAAAAAAAAAAAACACAAAAAAAAAAA	0.982116342
GNCNATAAAGANTACAAAATAGGAAACATA	0.815807045
AAGACAAAAAACAAGAAAAAAACAAAAAAA	0.936573625
AAAAAAAAAAANAATAGAAACAAAGACAAA	0.978412807
AACTGACAAAAAAATACAGTCTCCGGATAA	0.767433345
AAAAAAAAAAAAAAAAACAAAAAACAATAA	0.972863376
AAAACAACAGATACAGCAATGAGAGAAAAA	0.781785309
CAAAAAAAAAAAAAAAAAAANAAAAAAAAA	0.979147911
AAGAAACAAAAAAAAAAAAAATATAAAAAA	0.97207129
CTTCTGAACACTGTAAAAACAACGAGAATG	0.1264994
GATAAGTCCGCTAAAAGATCCAAAATGTTA	0.216153726
TAAATAACAACAAAAAAAAAAAGACCTAAA	0.943297327
TAAAAAGAACAAGGTACACTAGATCGCTGA	0.832778871
TNTTCGCTAAAAGTCGCAATAACGCTAGCT	0.00343232672
AAAAAAAAAANAAAAAAAACACANAAAAAA	0.958615422
ACGAAAAAAGGACAAAATAAATAAAAATAA	0.984156072
AATCAACAGTGAACAACTTAGAAGAANANC	0.302721739
AAATACAAAAAACACATATCAATAAAAAAA	0.859101951
AAATATGAACCCGCGGGACTCAATAAAACG	0.339433372
ATAACAAGAAAACATAAAAAGCAAACAAAG	0.929778457
ACAATCTAAACAAAAAAACTACAAAAAGAA	0.889591813
CCCGTCACTAAAAAGTATAAGGAAAAACAA	0.193466783
AACAAATAACTTAAATAAGTCCAACAAACC	0.74647963
TAAAAAAAAAAGAAACAATATGCTGAAAAA	0.992320955
CCAGACAACAAAACCAACACCAATCACTAA	0.409091592
GCCAAAAAAATTGCGGCCATAAAAACTGGA	0.951453984
CACGAAAAAAAAAAAAAAACGAAAAAAAAA	0.989471316
TAGGAATTAAATCAAAAATTGATAAATAAA	0.639882326
AAACGCCAACCATCGAACCTAGTGTCATGA	0.00013108729
AAAAAAAAAAAGCAAAAAAAATAAAAAAAA	0.975070536
AAATATAATAAAAAAAAAAAAAAGAAAAAA	0.97520113
AACAAGCACATTAGTACAAAGTGTAAGGAG	0.0205093026
GCATTATAACAGTCCAGCTCCATTCGGACC	0.00886738952
AAAAAAAAAAAAAAATAAAAAAAGAAAAAA	0.974520028
AGCTTAAAATTAAATAAGAAGAAAAACGCA	0.845431149
AGGTGGACAATAGAAAAAATAGAAAAATGT	0.850092232
AGATCACATATGTTAAGTATTAAAAAAAAA	0.290026188
TAGCCATAAAAAAAAAACCCACCAACCCTA	0.865901411
NCAGAANACGGATNTAGNAACAAAAAGNTA	0.755446911
AAAAACACTCGGATAATTTAGATACAAATA	0.676807523
GATTAACACAATCAGGAAAGAAATAAAAAG	0.704187274
CTCACTTTATAGAATTACAAACGGAACAAA	0.0750316679
AAAAGTCACAGCAGCGTAGCGTTGTTACCG	0.00133594335
ATAAAAAAAAAGATGAAAAAAAAAGAAAAA	0.983579576
AGCAATAAATCAGATCACCGACGGAAAATA	0.640098631
NAGAAGTTGTTNACCGNTTAACTTAGCNAC	0.00154251943
NGAANAGAATNGAGAACNAAGCACAAATCA	0.520957232
ATCCAACCGCATNANGCAGGNAAAATAAAT	0.261199921
AAAAGAAAAATAAAACACACACAAAACACA	0.981886744
AAAAAAAAAACAAACCAAAAAAAAAAAAAT	0.975757182
GAAAAAAAGAAGAAAAAGGAATAAAAAAAA	0.983620524
AACAAAAAATAAAAAAATAAAAAGANCNAA	0.974342346
ACAACCAAATCAGCAACAACAAAGAAAGCA	0.471107125
ATGAGAAGTACAACTAGGATAACCAAAAAT	0.0272830687
AAAAAAAAAAAAAAACAAAAAAAAATAAAA	0.967505693
AACTCCTAGGACGGTAAAGTAAAAAGCAGT	0.00297225174
AAAAAATAGACAAATAGAAAAACTCAATTA	0.976142764
TCAAAGAAACAAACAGCAACAAAATAGGTC	0.906399846
ATAAATAAAANANNANTGAAACAATAAAAC	0.95936358
AACGTCGAACAGCGGACGTAGAATGTTGCC	0.000411668705
CAAAAAACAAAAGTAAAACAAGAAAAAAAA	0.980121851
CAGAAAGCAAGGGAATTAACTAAAGTGGAA	0.484374285
ACAAAAAAAAAAACAACACAAAAGAGAAAA	0.986442327
AAATTAAGGAAATACTGGACAAATCCTTCA	0.360594004
AAAAAAAAGTAAATAAAAAGGAAAAAATCA	0.978928089
TNAAAAAAGAAGAAGCAAAAGACAATAAGA	0.982097566
AAAAACAAAAAAAAAAAAAAAAAAAAAAAA	0.96777761
GACGCATTGGACCACCCTACAATCAATGGA	0.00301586557
AAAAGTTAGTCAAAACGAATCGAAACTCAG	0.277457118
AACAANAATACGNAAANTNAAANACTAAAA	0.926483333
TAATAACCAATAAAGAACCGCATAATAAAA	0.494706303
CTAATTCAGAAAACAACAATATTAGCAAAA	0.458290994
TCAAAGAACAGAAAGAGTAAATAACATATA	0.894180179
ACAAANACAAGGNAACNNNNAAAGAATCAA	0.884441018
GGGTCGACGCATCAAAACGGCACAGCTCAA	0.000717413845
AAAAAAAAAACAAAAACAAAAAAAAAAAAA	0.971455634
CGCTTTATANATTAAANAGNACANNGAANA	0.102966763
TATTAACATGATGCTATACCAGACCACAGA	0.0271817446
CAATAAATAAAACAAAAAGACAATACAGAA	0.913939238
ACGAAAAAAAAAAAACGAAAAAACAAAAAG	0.987240732
AGTACTACAAAGACAGGGTTTACATAGACA	0.0650216714
AAAAAAAAAAAAAAAAAAAAAAAAAAAAAA	0.954449415
AANACNNGAACACTAANGGACCATANAAAA	0.434854567
AAAATAACAAAAATAAAGAATAATGTAGTG	0.97188729
GCAAAGGTAAGAACAAGAGAAAAAAAGTGA	0.916176379
AGCGCCATGTGGACCTTACTAATCAAATTC	0.000210884042
ACCATGGTAGAATAAACATAAAAAAAAATG	0.831816077
ACTAAAANAAAAAAAGGNAATANAAAAACT	0.991449416
AAAATTACAAACCCACCATGAAAAANAAAA	0.530463099
TCTAACCGAAAAAGGAGACATTTAGCAAAC	0.160900757
ATCAAAAAGAAAAANAAAAAAAAAAAATCA	0.981003523
AAAGGTAAGCGTAAAAAGACATCTAGATAA	0.441367507
AAAAAACAAAAACAAAAAAAAAAAAGAAAA	0.962647319
AAAAAACACAAACAAAAAACATAAAAAAAC	0.974264681
ACAACACAGAAGAAAAAACAAAATCAAGAA	0.954520881
AAACAAAAAAAAAAAAAGAAAAAAAAAAGA	0.960115433
CGCCAAAGTCATATATAAAGCCACAAGTCG	0.0730207041
GAATAGAAAAAAAAGACCAAACAAAAAAAA	0.948604703
ANCNAGAAAAAAAAGAAATTAAGACNAAGA	0.973178506
ACAAAAAAANAAAAAANAAACTAAAAAAAA	0.957933784
GACATAGCGGTTATGAAAATCAAGAAAGAA	0.276689827
GCGAAAAGAAAAAAATGCAAAATAAATCAA	0.991540015
TAGTTTGAGAAAAATGTATGCAAGTGCGAA	0.374622703
TACACCCAACAAAAAGAAGACGATTATAAA	0.455002099
ATATATGGAAAAATTACAAACACTATAAAA	0.547765315
GACTCAAGAAGAGAAAAAACTTAAAAAACA	0.910733044
AGCAANAAGAAAANGAAAAAAAAAAAAAAA	0.972631276
GGAGGTTGTAAAAATAACACGGCCCGGAAT	0.302891076
AAAAATCTATAATTAACCCACGCAGTATCA	0.017362969
GAAAAACAACAAAAAAAAAAAAGCAAAAAG	0.977066815
ATTTATAAAAAGAACAACAAAAAAGAAAAA	0.931112111
AGAAAATAGAGAATGAAAAAAGACATAAAC	0.978436649
AGAAAATTCGAAGGACAATCATACTAAATT	0.331320733
CAAAAACAAAAAAAAAAAATATAAAAAAAA	0.984315813
AAAAAATAAAAAAAAATAAAAGAAAAAAAA	0.969620287
AAAAGGACTAAATGTATCGATAAAAAATAA	0.709484518
CAANAAANCAGAGAAAAANGAGANAAANCA	0.990658641
TACGCATGACAGGCTATAAGCATTGGAATA	0.000971054717
AAACACACGTAAGGTGAATTAGCAGGCAGA	0.011995093
CTCTCAGCAACAAAAGAAAAAAGAATTTGA	0.61418587
TTTAGAACCATTCATCCACTGTTAAAGAGA	0.0276534166
AAACGAAAAAAAAAAAAAAACAAAAAAAAG	0.963063538
CAAANGAAAAAGAATATANTAAGTTAACTN	0.984914005
AAAAAAAAAACACAACAAAATAAAAAAGAA	0.97413063
GCCAAAACAAGAAGAAAAAAATACGTAATA	0.970872045
CAAACCATATGAATAAAAGAGAACGAAAAA	0.7931813
TATAAGAACCACAAGATACGTTAAAAAAAG	0.364726961
AAACAGTNAACTAATANAAAAAAACTANNG	0.85221839
AATCGAATGCGTCACAAAGAAAATCAAAAA	0.25484404
AAAAAAAAAAAACAAAAAAACAAAAAAAAA	0.981328964
CTAATGGAACTAATATAAAAGACAAAACTA	0.475075454
CAAAAAAATAAAACAATAGACAAAAAAAAA	0.983216465
AAAATAAAAAAAAAAAAAAAAAACGAAAAA	0.973440528
ACAATCAAAAAAATGCCAGACACAGGACAA	0.916241348
ACCAAGGAATACGAGAAATNAACAAATAAN	0.723073423
GAAACGAAAAGCAAGGAAAGAAAATAATCT	0.918167233
ACAAAANANCGATAAAAAAACAATAATCAA	0.965664744
AATAAATTTGCATACACGAAATCAGGACCA	0.533116043
NTGGCGNAGCGNNANAANGATNNCNGATNN	0.0182965323
AAAACCCAATAAAGCAAATAAATTGAAGTG	0.496668875
GATCTACTTTGAGCGCCGTTAGGTATTTAC	5.01435788e-05
AAAAAAAAAAAAAAAGAGAAAAAAAAAAAA	0.985030353
TAAGGGAACATTAAAACGAGCAAACGTATT	0.131939366
AAAAAAAAAGAAAAAACAATAAAAAAAAAA	0.978044808
TAACATAAAAAGGATACAAAAATGGAAAAT	0.901120067
GGGATACACGGAACATATAAACAAGAACCC	0.0955668986
TAAAACTAAAACGAAATATACATAAAGAAG	0.826848567
ANAATAATAAATAAGAAGTAAAAAATCAAA	0.913074195
ACTGCAAACACCAACAAAAAAAAAACAAAA	0.667355776
AATATTGAATGAGTTGACGCATCGTAAGGA	0.00067777239
TATGAGAAAACAAACTAAATAAAAAAACCC	0.883072376
AAGAGCTTAAGTAATTTTACTAAAATCAGA	0.254094243
TAAAAAAAAAAAGAAAAGAAAAAACACAAT	0.993653774
AATGTCAAAGCCCACATGCAACGATTTAAA	0.0102029853
AAAAAAAAAAAAAAAAGAAAAAAATAAACA	0.974605739
GACCTNTGTCANACCACAACGAACGTAGGT	0.00350929797
GGGAAATAGAGCAGCACAACTAACAAGAGA	0.256500453
AAGACTGAATAACCAAAATGCAAAAAATCA	0.578863084
AGACAAACGTACGAAGAGACAAACATTACG	0.278309017
AAAAAAAAGAACAAAAAANAAACNAATAAT	0.95706439
TGGATAATAGCAGNACAAAANTAAANANAT	0.515692055
AAAGTGAATGTACTCAGAACTGATGGCCGA	0.0101991817
AGTAACAAGGGTACTACGGAAATTAGCGGA	0.0194185004
AGTGAAATATAAAGACAATAGACAAACAAT	0.729302287
TAAGACACCAAGGGGACCCAGTAAGTATTA	0.0102916472
TAGCCAAGATGCAGAACATACAGAAAAAAA	0.334154785
AACAGAAAAGCGATATTCACCAATTAAACC	0.605543196
AATGGAGGAGATAAAGATCTAACAATTCTC	0.224211246
GCATAGAAACCGGCGAATCAATCAACTAAA	0.104976758
GCAAAAAAAAAAAAAAGAACAAAAGAAGGA	0.992504597
AAAAAAAAAAATAAAAAAGAAGAAAAAAAA	0.984440446
AAAAGAAATACACAAAAAAAAAAACAAAAA	0.980100095
AAAAAAGCAAATAGATTCCAGCCAACGACT	0.881060302
TAAGGGAACTGTTATAAGTTCGCTACTAAA	0.00513505843
AAAATAAAAAAAAAAAACAAAAGAAATAAA	0.975071251
TAACAAAACAAAGACGAAAAAATACAAAAC	0.946118474
TTACACTGGTATACATTACCGTAGCCCACC	0.00076706172
ACAATAAAAAGAAAAAAAAAACAAATAAAA	0.977985024
CGCAACTGGTACATCAGATGGAAGACGTAG	0.00622648885
CATAAACCGCAGTANNAAANNATATANATA	0.547725201
AAGTAAAAAAGAAAAACTATAAAGAAGAAA	0.983292401
NAAAGNNCAANANATAAACACNAACNNCAA	0.76759845
AAGCAAAAACANTNNAAAAAAAAANNAAAA	0.97033596
AATTAAAACAGCAAAAAAAAACGAAGAAGG	0.952736676
ATGTCAGCTAGTACGCATATAAAGACAAGA	0.0798062086
CAAAACGACAAGCAAATTTTCGTAATAAAA	0.714285195
AATAATAAAAAAAAAAAAAAAAAAAAGAAA	0.984489441
GAGCCTACAAATAATAATAAGGAACCGTAT	0.305235296
AAANAAAACTGACTTTACAAAATGATAATA	0.792037904
AAAAAAAAAGAAAAAAAAAAAAAANNGAAA	0.956958055
AACCCACGCTCAAACAGGAGTAGAAGTACA	0.0178726688
AAAAAAAAAAAAAGAGAAAAAAAAAAAAAC	0.980542779
AGATAATAATATAATTCGACTAATCGTGCT	0.330020189
GATAAACTCGGTTTAACGAATACTCGATCC	0.0646344051
CAACACCGCAAATAACGACTCGGTCAAAGT	0.234914869
TGCGACACTTACACAACGGACCAGAGACGA	0.00107725372
ACAAAAAATTATAAGTATATTAATAAAAAA	0.962543845
CGCCAATCACATCCAAGAAATAATGTGAAA	0.151678428
AAAAAAGATAAAAAAAAGGAGCATTAAAAA	0.994093716
AAACCATACCAACGCAGACTACAGAATCAC	0.0540429205
AACAAAAAAAGAAACAACAAAAAAANCATT	0.970932245
CATGTAACAATGCAAATCGTATAAAAGATA	0.274606496
GAAAAAAAAAAATAAAAAAAAAACAAGATC	0.99075222
AAAAAATAAACANAGAAAAAAAAAANAATA	0.984793723
GAAACCAATAGCAAAGAAAAAAGAAAAACG	0.917309701
AAAAATAAAAACAAAAAAAAAGAAAAAAAA	0.967505455
AAGATAAAAAAACAAAAAAAAAAATAACAG	0.964277089
CATATAATATAGTCACCTATTCAAGAGTAA	0.107591145
TAACAAAAAAATCAACCTAAAAAGAAATAA	0.953728318
AAAAAAATAATAAAAAGAAAAAAATAAAAA	0.982248127
TAAAAAATAAACAAAAAAAAAAAAAAAAAA	0.992250502
AAAAAGAAAATAAAACATAAAAAAAAAAAA	0.98085475
AACAGAACCGAAAGAATGAAATCAAAACGA	0.666143417
AAAANAAAAAANAAAAAAAAAAACAAAAAA	0.942672312
AAAATAAAAAATAAAAAATAGATCAAAAAA	0.977532923
ACATAAAAAAACATTTAATCTAGATACGAG	0.887296438
AAAAAAAAAAAACAAAAAAAAAAAAAAAAA	0.981600106
AAAAACAACAATAANATCAAANNAATCTAT	0.897725344
TAAAAAAAAAAAAAAAAAAAAAAAAACACA	0.986708283
AATAGACATTCGCACTCAGAAAAAAGTATC	0.332622379
AAGAGGATAACCTAAAAAACCCAAAAATGA	0.550703645
GAACNGANAAGCAAGNTGGNNAAAAGNCAA	0.665504873
GATATCCACCTAATAGGACAAAGGAACAAT	0.00302494154
AAAAAAAAAACACAAACATAAAATACAAAA	0.969562054
ACAAGATAAACAAGTAGAAGCAAGCTGATT	0.735286951
AAAAGAAAAAAATAAATGAAAACAAAGATG	0.989532113
AAAAAATAAAAAAAAAAAAAAAAAATACAA	0.97086519
TGNTNNATNACGTANAGTANCGAANGAANA	0.154519781
AAAAAAATTAAAAAATCAAAAAATCACAAC	0.988213241
AATCATATCGATAAGCCAGATGAATGTCAA	0.0177393816
GGACGCCTCAGAAAACATGAAACCAAGTCA	0.168726802
CATAATAAAAAATAAAAGTAGAAGATATAA	0.958806336
AAACAACAATTAAAAAAAAAAAAAAGAAAA	0.970040441
GAATAAAGGGAACAAACACGATAAAAGGTG	0.848304808
AACGANACGAAAAGAANAAGATAAATAACA	0.944628298
TAAAACAAAATGAAAAAACCAATATTATTT	0.946905375
GGCCTATAAGATGTAGCGGACCAGACTACA	0.0217838846
ACAGTCATCAAAACCTGATTAAGAAACAAT	0.219473422
AGAAAGAACAAAACAACCTAAAAAGAGTAA	0.932867944
AAAAACGACATATAAAATAACAGAAAGAAA	0.869472504
AATAACACAAAAAAATAAAATAAAAAAAAA	0.945335209
AGGAAACAAGAGTGTANAAAGCGATACACA	0.668106318
AAAGAAAAAAAAAAAAAAAAAAAAAAAAAA	0.956489265
AGGAAAAGAAAAAAAAAAAAAAAATAAAAA	0.976332307
CAAGAAAATAAAATATATAAGATATGGACA	0.974353313
AAAAAGAAAAAGACGAAAAAACAAAAAGAA	0.970622182
GAAGGGAAAGTACCAATGACTCAAATGAGG	0.148663402
ACANAAAAAANAAAAAAAAAAAAAAAACAA	0.963814437
TATGTCTATACTGATAATAATGAGATTCAA	0.0343726315
CAAACTAGATCTAAAAATAAATAGAAATAA	0.719487369
TATAATAAAGATGCAAGAGAAACATATGTC	0.631754994
TGAACCNCTGAAAACTAAGAAAATCGNGNT	0.241814196
AAAGAAACAAAGAAAAAAAAAGACAAAAAA	0.973207891
TAAAAATAAAATAAAAATAAAAAAAAAAAA	0.990068376
TAAAAAACCATACGAAAAATACCAAAAAAA	0.895797491
AACAACAANAAANAAANAAAAAAAAAAAAA	0.961285055
AAAACTAAAAAAAAGTAATAAAGAAAAAAA	0.969904363
GACAACTAAGAACGTGAAGAAACTAACGTA	0.334766924
ANAAAANGGANAAAANACATAAAGANNAAA	0.944048285
AAAAAAAAAAAAAAAACACCTAAAAAAAAA	0.970625877
GAAAAGCAGGGTAAGCACACAAATGACGAG	0.300104886
AACCATAAAAAAATAAGAAACAAAACAAAT	0.94206816
AATGACGACAAAACAAGAACTCAGAAAAAC	0.430255711
TTACACAAAAAAACATGTAAAGACACCCAA	0.790106356
AAAAAAAAAAAGGAAAATATAAAAAAAAAA	0.965960979
AACAAAAAAAAATAGGAAAAACAAAAAAAA	0.972017705
ATACAGAACAAAAAAAAGCACATTTAAATA	0.91680491
AAAAAAAAAAAAAATAGAAAAAACNCAAAA	0.979659736
AAAAAAAAAAACAAAAAAGAAGAAAAAAAA	0.971115887
GAAATGTAAAGAAAGGGCGTAGAAAAATAA	0.919145286
AACAAAAAAGAGGATACCAAATCATGGTGG	0.982129991
CTGTGGCTAATACGAGGGTGAATAAATCCG	0.145536423
AGATCAAAAAAAATATCTAGCGGGAAAAAG	0.966166556
GAACAAGAAAAAAAAAAAAGAAATAAAAAA	0.977471113
AAAAAAAAAATAAAAACAATAAAAAAAAAA	0.979733884
AATACATAAAAAAAAAAAAAAACAGCCAAA	0.95975554
GACGGGAAAATAGAGACAGAAAGAGACGAA	0.800766945
TGGTACAAAGTGTAAGCTGAGAAAAAGACA	0.405332446
AAAACAAAAATATAAAAAAAAAAAAAAAAA	0.988976657
TCNGANCGCATAAAACTANGNAATAAACCA	0.401498586
CTAAAAATTAAGGGGCAGATAGCAAATTAA	0.557781398
AAAATAAAACAAGAAGGAAAAAAAAATAAA	0.966907144
ACAAACAAAAAAAAAAAAGGAAAAAAAAAA	0.984368682
CATAAAAAAAAAGAAAAAAAAACAAAAAAA	0.990163743
ACAAAAACAAAAANACCAAANAANACAAAA	0.966552675
AAAGATTCAGAGAGGAACCTGCCATTTCGA	0.00298051699
AGAAAAAACAACTATAAAAACAAACAAAAT	0.948536992
TACAGAGGTAACAANTNNGGNGACNACANC	0.130029216
CAAACTTAACAAGTAACAAGAAAAGCTAAG	0.61766541
CATACAAAAACAAAAANAAAAAAAAAAAAA	0.95046854
GCAGCGAGACAATATAATTACATCCAAGAA	0.0684050694
AAAAAAAAAAAAACCATAAAAAAAAAAAAA	0.974155307
ATGTAGGAAAACGTGATCAAGATAAAACAT	0.527428567
TAAAGTTATAAACAAGGTAATAAGAGCAAA	0.499907643
AAANTAACNAAAAAAGAGAAAAAAAGANAA	0.957586288
AACAGAGAAAAAAAAGAACTAGAGTGAAAA	0.964968681
ATAAACTATCATTACATAACAACGTAAGAA	0.133883685
CCATCAACGAAATTCCCCGCAATGGGAGGA	0.03540406
AGAGAAAAATCAAAAGATAAAAAAAAAAAA	0.987340271
AAGCGAGTCAAATACCAAAGACACCGAAAC	0.0519389063
AAGGAAAAAAAAAAAGATAAAAAAAAAAAA	0.982877314
TACAAAGATAAAGACACAAAAAGAAAAAAA	0.896532118
AAAGAAAAAAAAATCAAATAAAAAACAAAA	0.97880882
TAGATCAAAATAGAAACACATAAAAACAAC	0.771120369
AAACAAACACCCCACAGNGAAACAGAAAAA	0.699179411
GCTGAAGGTAGAGCAGACTCAGGAACAACG	0.0223609395
AAACGAAAACAAAATAATAAAAAAAAAAAG	0.967514932
AATAAAAAAAAAAAAAAAAAATAAAAACAA	0.980758846
AAAAACTCACAAAAAAAAAAAGATAAGAAT	0.96846664
TAGAACGAATAAGAGCCATAGAGAACCAGC	0.322799444
AAAAAAAAAAGAAAAAAAATCAAAAAAATA	0.976320386
AAAAAAAAAGAATATGGAAAAAAAAAGGAG	0.960483909
ACAAAGAAACTACTCGACATATAAAAAAAC	0.616509378
TAAAAAAAAAAAAAAAAAACCAAAAAAAAA	0.98745513
ACNACAACATAACACACGAAACAANTNAGT	0.424012005
AAAAAAAAAAAAAAAAAAAAAAAAAGATAA	0.959037185
AGGAAAAAAAGATACTTGCAGTAAAAAAAA	0.965758801
CAAACAGATAAAAAAAAAGGTATGATATAA	0.966283858
AAGAAAAATATAAAAAAAAAACTAAAAAAA	0.989487052
AGAAAAAAAGAAAAAAAAAACAAAAAAAAA	0.965131462
AAAAAAAAAAAAAAAAAAAAAAAAAAAAAA	0.954449415
ACGCACAACACTCATTCGTATGGACCGAAT	0.0198625382
AAAAAAAAAAAAAAAATAAAAAAAACAAAA	0.96743083
AAAAAAAAAAAAAAACAAAATAAAAAAATA	0.978294373
AAGAAAAAAAAAAAAAAAAAAAAAAAAAAA	0.956205785
AAAAAACACAAAAAACAAAAAAAAAAAAAA	0.984140038
AAAGNANGACAAAATTCTNCTTTTCTAGCA	0.954101145
TAATGATCTTGCATTAACACCCATAAAAAA	0.0805139989
CTCTNAANCAAGTACATTAANAGCATGGNN	0.0984463617
AACAAAAAAAAACAAAAAAAAAGAAAACAA	0.982635379
AAATAGTAACAAAAAATGAAAAAAGAAAAA	0.935956061
AAAACAAAAAAAAGAAAAAAAAAAAAGAAC	0.966224253
AAAAAAAAAAAAGAAAAAAAAAAAATATCA	0.980537593
GCAAAAAGAAGAAAAAAAAAAAAAGAAAAA	0.993068814
AGAAAAGAAGAAAAAAAAAAAAAAAAAAAA	0.986768842
TAAAAAAAAAAACAAAAAAAAGAAAAAAAA	0.99238354
AAAAGCAAAAAAATAAAGGCGATTAAAAAA	0.956102133
TTAAGTCACGAAGCCGCGATACGCTGAAAG	0.000573913858
NAAAGAAGATAAGGCAAANAATGAAAAAAA	0.934821308
AGCAAATAGAGAAAATAACGACGTATCAAG	0.92944324
AAAAACAAATATCATATTATAACAAAAAAA	0.851807833
AAAAAAAAAATAAATAAAGAAAAAAAAAAA	0.986305594
TCGATCCATAGAAAAATTCATACGAAAAAA	0.587731183
AAAATATACAAGTAAATAAAAAAATAAAAA	0.94410032
NAAGNAAAAAGAANAAGAGNGGCAGTAAAA	0.950390339
TATGCAAAGGACACAAAACCACACGGAAAA	0.163731441
ATTANAANAGANANTNACACTGNAAACANG	0.821171284
AACAACAATGACCAGAGAGAATTAATAACA	0.44408071
ATAAAAACGCTTACAAAAAGAACAAAAAGC	0.778244436
ACACCTGTAAATCAAGAACAAGATGATAAG	0.104965359
AATTACATACCAAATGAAACAAATAAACTC	0.285795093
TNANAAAGAAAACACCTAGCNAAAGATAAT	0.925929248
AGAAAAAAAAAAATAAAAAAAGAAAAAAAA	0.977689147
AATAAACAAAATGGCAATAATTCACACCGT	0.733269095
ATAAATAAAAAAAATAAAAAAAAAAAAAAA	0.985494375
TATAGAAAAAAAGCGATAAACGAAACTAAA	0.949138224
TACCAATAATAGACCTCGAAAAAAAAACAC	0.637601972
GCAATGAGGGAACATGCAAATCAGAGAGAC	0.0513615832
AAGAGATTAAAAAAAAAAAAAATCGAAAAA	0.981455624
AGTTTACGAGCACTTAAAAGGAAAAAAACA	0.380666316
GCGAAGGTGAACACCGGATAAACAGCTATA	0.038817402
AAAACAAAAAATTTAAAAAAACCTGAAAAT	0.977873087
ACAGTAAAAAAAAAAAAAAAAAAAAAAAAA	0.988070726
ACGACNACANANTTNTANTTCATGAAGAAA	0.43993032
GCCATAAGACCGAAAATAAATGTAGAGGAA	0.467318803
AAAAAAAATAGAAAAAAGAATTAAAATGTA	0.99028194
AAAAAAAGAACAAAAACTTTGAAAGAAGAA	0.976302862
ACCGTCAAAAAGCAACGAAGAATTTTCGAA	0.0629303753
GTTAAAAAGAAAGGGGCCAACTAATGACAA	0.829517603
TAGCTAAGGAACGACAACAAGATTATTTGC	0.0604514442
GTTAAGAGTCTAAGAAAGATGCATAGCTCT	0.142046645
AAAATAAAATTAAGCNGNAANAGGAGGAAG	0.881852865
CAAAAAAAAAAAAAAAGAAAAAAAAAAAAA	0.985299706
TAGCGGATTCTATATAATATAAAAGGTTAA	0.107003391
ACCGAAAGAGCATATCAGATTTCCCGTCTA	0.0149577046
GGAGTCAAAAGACCTGTCGAGAATAAATAC	0.283718079
AACAAAAAAAAAAAATAATCAAAAGACAAG	0.989003599
AGAAGAAGTAAAAAGAAAAAGCAACAAAAA	0.970043242
AGGTAATGATAAACAATAATCAATTACAAG	0.346782535
GAAACAAAAAAAGGACAAATAAAAAANAAA	0.964398265
AAAAAAAAAAAAGATCAAAAAAAAAGAACA	0.976621449
CATCATACTCTATCAAAGAGACAGGAGAGA	0.0528566279
AAAAAAACAAAACAAAAAAAAAAGAAAAAA	0.977399886
AACAGTAGGAAAAATAATGTACGGTTAAGG	0.806204855
TAAGAAAGATTAAAAGTAGATAAAAAGTCC	0.918885231
AAACAAAAATAAAAAAAAAAAAAAAAAAAA	0.975519598
GTAACTCGAGGGCGGAGTTAACGGTAAAAA	0.00111439102
TAAAAAAAAAACAAAAACAACGAAAAACAA	0.989395678
TAACGACGGTAAGCAACAAACAAATACCTA	0.194484547
AGAAATAAAATAAAAAACAAAAAAATAACA	0.965436697
CATATAATAAGTATAATGACAAATCTACCT	0.299172342
AAAAAAAAAAAAACAAAAAAAAAACCAAAA	0.978340089
GCAACGGGATCATGAAATATAAATAAAACA	0.316124409
GACGAAAAGGAAAAACCCATAATAGAACAC	0.892795265
GCATATAAAAAAATGAACGCCGATAAAAAT	0.827625155
AATAAAATAAAAAAACAAAAGAGAAAAAAA	0.976332068
ATATAACTGAGTAAAAANAAAANAAGAAAT	0.903206885
AAAAAAAAAAAAAAACAACAAAAAAATAAA	0.971895397
AGAAAAAAAAAAAAATAAAGAGAAACATAA	0.981533825
AAACAAAAAAAAAAAAAAAAAGACAACAAA	0.975828946
AGGCAAAAAAGAANAGAANAAAACACNCGA	0.974463761
CAAAAAGAATAAAAAAANANAACAAAAAAA	0.97881943
AAAAAAAAGAAAAAAAAAAAAAAAAAAAAA	0.97324872
NGTACCACCTGANCTGAGGACNNCNTAAGT	0.00588748697
CAAAAAAAAATAAAAAAAAAGATAAAAAAA	0.990433216
AGATTAGAAAAGAAATAGAGACAAGACTTT	0.924273133
AAGAGAAAAAAAAATACAAAAAAAAAAAAA	0.958658636
CTATAAAAAGAAAAAAAAACAAAAAAAAGA	0.982789993
GTAATGAGTACGGATCCAAGAGCGCGTTAA	0.000256521482
AAAAAAAATCAAAAGAAAAAAGAAAAAAAA	0.988437474
AAGNAAGAAACGAAAANACAAAGNATANCT	0.940056264
AAATAATAAAAAAAAAAAAAAAAAAAAAAA	0.977846086
TACGAATTTANATNATCATTCNATAAATGA	0.0479403846
CAAAAAAGAGAAAAAAAAAAATAAAAAAAA	0.995310128
AAAAAAAAAAAAAAAAAAAAAAAAAAAGAA	0.95734334
AAAAGCAGATAAAACAAATGAGATATCAAA	0.738012433
GAAATAGATAGACTACGGTGCCGTAAACCA	0.204085514
TAGAAACATCGTCTCAAATTGAGTACGTGT	0.0746838078
AATTAAAAAAATCAAAAACTAAAAGAACTC	0.946645379
ATCAAAAGGAACCTAGGAGTACTAAGCATT	0.409629256
AAGCTAAGTGTGATGCAAAATGATAAAGCA	0.0472636782
GAATCTAGCAACATATCAAGTCAGAACCCG	0.0803342313
GCGGTCACACCCCCCACGGCAGTACGCAAC	3.50889565e-07
TAACAGAAACGTGTCAGAGAAACAAAAAGA	0.609015167
TGATAAAAAACAAAAGAAAAGAAATAAAGA	0.969364405
CTAAATACTAAAAAGAAAACAAGTAAAAAA	0.940584958
GTACCTCCAAGAGACAATACGAGAGAGCAG	0.0124361366
GACAAAAGAACCAAGAAAAAAAACAAACCA	0.967435241
AAAAGAAAACAAAAACAAAAGATATACAAT	0.957487166
GAAAAAANAAACTAAAACAAAAAAAAAACN	0.984743893
ACTGGCGAAAATGAAATATANAAAANANAA	0.837476552
AAAGAAAAAAANATAGAAACTAAAAAAACA	0.987037539
AAAAGAATAAATATACCATATTGATACCAG	0.935739279
CAAATAGATAAAAAAAAAGAGAGATTTACC	0.976269126
AAAAAAAAAAACACAAAAAAATAAACAAAA	0.976182342
GAGACTTAGGCTTAAAACAAGGGAAAAAAT	0.508194864
AAGAAAAGAAAAAAAAAAAAAAATAAAAAA	0.97296989
ATGTCAATTCCAAATAAAATGAGCCAAAAA	0.191241026
AGAGAGCGTATTCAAAAAAAAACTGAGGGA	0.600354314
AAAAAAAAAAAAAAAAAAACAACAAAAAAA	0.969939828
AAAAAAAAACAAAAAAAAGAACAANANCAA	0.945214212
TAACAGAACAACCTTTAATCACATTAACAA	0.13406451
AACGCGTGCAAATGCCATACGTACGCACCT	8.06270521e-07
CTAACACAACAAAAAGACAGTAAGATCCAC	0.73823607
AAAAGAATAAAAAAAAAAAAAAAAAAACAC	0.980746269
AAAAAAAAGAAAAAAAAAAACTAAAAATTC	0.988672197
GCACACAGAACTAGAGATAAGTATAGTGAC	0.036915645
AAAAAATAAAACATATGTAACACCTGAATA	0.904484034
CGCGAAAAAGTAGTTGCATACATGATATAA	0.12846148
GGAAAATGAAAATAAAATAAAAAACATATC	0.972490847
AAAAGAAAAAAAAAAATAAAAACAACAAAA	0.974504054
AAGATCGACATACAACGAGCACACCGGATG	0.00793938339
CAAGAAATAAAGAAAATATACCAGAAAAAA	0.96708113
AAGAGGCATCCGCATATGATGGTGGTAAGA	0.000116299991
ATGACGTGAAAACTTAGCATAGAGAAACAG	0.146500513
CAAAGGTAGAACATCACCCGCTTAGTACAA	0.034635704
TTGGGACTCATATCAATAGAAAGCAGGAGA	0.0149523672
AGAACATTCAATTATACAGCGGAAAACAGA	0.233005449
AAAAAANAANAAAAAAAGANAAAANAAAAA	0.959501505
AAAACAATAAAATAAGAAAAAAAAAACTAA	0.968466043
AAAAAAAAAAAGGAAAAAAAAAAAAAAAAA	0.975186169
AATATAAAAACGAAAAACCAACTAACAACA	0.848247528
ATCNAAATTANAAAGANGAAGCNATCTACC	0.77824688
AAAAATAACAAAACAAAAAACAAAAAAAAA	0.955728292
CACCAAAAAAAAATCACTATCAACTAAAAT	0.97000283
AAAAAAAAATAGACAACAGCGCAGAACCAA	0.930184126
GCACAAATAAAAAAAAAATAAAAAAAAACA	0.976992846
TAATCGAAATTAATAAAAAGATAAAAAAGA	0.884425044
CTGATTAAATTAAGAACAGATTAGAAGAAA	0.402356029
AATAGAAATACAAAAAAATAAAAAAAAAAA	0.972901404
TAAAAAAAATAAAATAAGATAAAAAAAAAA	0.989977062
AAAAACCACAAAGCTATAAATAGGAAAAAA	0.812382162
AAAAACAGGAAAAAAAAAAAAAAAAAAAAA	0.989777863
AAAAAAAAAAAAAAAAAAAAAAAAAAAAAA	0.954449415
AAAAATAAAGAAAAAAGAAAACAAAAAAAG	0.97146827
AAAAAAAAACNAGAAAAGNAAAANAAAAAA	0.936843157
AAAATAAAAAAAAAAAAAAAAAAAAAAAGA	0.966817141
AAAAAAAAAGAAAAGAATAAGAAAAAAAAA	0.973517537
AAAAAAAAAAAAAAGACAAAAAAGACAAAA	0.981438696
AAAAAAAAAAAAAAAAAAAAAAAATAAGGG	0.981139898
AGCACGATAAAAGGCAAAGAGCATATTGAA	0.190788358
TATAAACACCAAACAAAAAATAAGCAATAC	0.725522816
TAACAAAAGAGATCGATNAAACAAAAAANA	0.887829602
NATANCACTTCACAAGAAGTACGANAGGAA	0.0715555549
TAGGAGGACGGCAGAAAGGGAAGTTAACTA	0.00369413407
GTGAAAAAAAAAAAAAAAAACAAAAAAAAA	0.985178173
AAAAAAAAAAAAAAAAAAAAAAAAAAAAAA	0.954449415
AAAAAACAATAGAAGAACGAATCTGAGAAA	0.95605582
CTGACGCAAGGCAACTTGTATCATCGTATG	0.000445923448
AAAAAAGAAAGAAATAAAAACAAAAAAANA	0.980184615
AGGAAAAACNGAAAAAAAAAAAAAAAAAAA	0.99171406
CTGTAATATAGGACATCAATTGACATCTGT	0.040687453
AAAAAAAGAAGAAAAAAAAAAACAAAACAA	0.971464455
NAAAATAAAAAACAAAAGNGCNGACNNACC	0.974308372
AATNACGTAANCNANGTAAAANTACACACA	0.278753191
AAAAAAAAAAAAAAAAAAAAAAAAAAAAAA	0.954449415
AGAGAAAACAATAGAACAGCTAGGAACAAG	0.876159906
AATAAAAAANAAGAAGAACATAAATAAAAA	0.977304459
AATTCGCTAGCATATACAACATGAAAAAAC	0.364996552
AAACCAAAATAAGAACAGAAAAAATAAAAG	0.925129414
GTTAAGAAAAAAGACACAAAAAAAAAAAAC	0.95599246
AAAACAACAATAAAAAAATAAACACAAAAA	0.947289526
ANAAAAAAAAAAAAANAAAAAGATNAAAAA	0.968868613
AAATACANNCTCCATAAAAAAGNAAACCAN	0.545124292
GGAAGACAAAAAAAACCAAACTAAAAGCAG	0.964256942
AGACGAACACGCGACCCAAAAAAGAATATA	0.284279972
AAAATAAAATAGAATTTAACAACAACAATT	0.92376107
AACAACAAAAAAAAGAACCAAACAAAAGAA	0.976411521
AAAACTTTAGTGGATCACAGAAAAGGAGGG	0.455281854
AAAAAAAAAAAAAGAAGAGATGAAACACAG	0.967065215
GACAAAATATNAAAAAAACAAACAAATTNN	0.972471118
AAAAAAAAAGTATAATAAAAATAAAAACAA	0.970663071
AATAACTATCCAGGATAAATATATCAGTAG	0.107037462
AAAAGAGAAGCAGAGGGTACATAAAGTAAA	0.742064297
AAAAAAAAAAAGAAATAACAAAAAAAAAAA	0.97655201
AAAAANAAANANCAAAGAAAGNGTAAATGT	0.95325309
AAAATAAGAAAAAAAAAACAAAAAAAAAAA	0.97803849
ACTGATAAGTTATTCTCCCGCTAAATTAGT	0.017559683
AAAAAAAAAAAACATAAACACAANAAAAAA	0.975033045
CNAGNATNCGCTGNCGNGACTTGGCTAGTT	6.66479355e-06
CAATACCTTAAAACTATGACACCGGAGAAA	0.0541635677
AAAACATCAAAAAAAAGAAAACTAATTAAA	0.944887817
AGAAGNNANANAAANAAAAAAGCACANAAA	0.956412375
TTAAAGCATAAAACAAACAAAAAACAAAAA	0.855433881
CAACAGCTAGCTGTAATAAGGAAAAACCAG	0.0322891958
AAAAGNAAAATAAAAAATAGAAAAAAAAAA	0.949498236
ACTTTGAAAAAGAAATCAATAAAGAAGAAC	0.878433883
GGAAAAAAGAAAAAAATAAGAAAAAAACAA	0.985897005
AGAAAAAAAAAAAAACAAAAAAAAAAAAAA	0.969607651
AAAAGAAAAAGAATATAAAAAGAAAAAAAA	0.955790043
ACAACAATAATAANAAATACAAACTTAGNA	0.857666254
AAAGAAAAGATAAAAACAAAAAAAATAAAA	0.977232099
TATTATAAGCGGTTCTATTGCAAAACACTA	0.283582628
AAAAAGGAAAGAAGAGGACTGAACAAACTA	0.88202101
TAAAGAAAACAAAAGCAAAAAAAAAAATAA	0.976540506
AAGCANAANAGNGANNAACCAAGTNCNAAA	0.777365565
AAAAAAAAAAAAAAGATACAAAAATAATAA	0.98269546
AAAAAAAAAAAAAAAAAAACAAAAAAGAAA	0.963522911
AGAAAAAAAAAAAATAGGAAAAAATAAAAA	0.983609557
AAAAAAAAAAAAAGAAAAAAACACAAAAAN	0.976999462
AAAANAAAAGANAAAANAAAANAAAAAGAA	0.947663128
ACGCAAATAATCGGTTGGCACGTTTAATAG	0.377514064
AAAAAAACAAAAAAAAACGAGGTAAAAAAA	0.938310325
NGAANNAAANACAAAAACAAACAAAAAAAC	0.901622176
ACAATATAAAAAAGCAGCCAAAAAAAAAAA	0.840039313
AAAATNAAAAAAAAAAAAAANAANAAAAAA	0.966733992
GAAAGGGAAAGCATAAACCATAACAAACAA	0.576521158
GCCAACCGATAGAGCAATTAACGAAACTCA	0.0480823666
GACGTCTAAATAAGCCCAAAGGCATGCGAA	0.107965931
ACCAGCCACAAGAACGGAATTGATAGTGCA	0.0479187556
AAAGATGCTGCGTANCAAAGATAAGAANAC	0.46678251
AAAAAAAAAAAAAAAAAAAAAAAAGACAAA	0.970347345
GGTTTAAAGGAACTTGGAACAATATCATAA	0.0785449222
TATACGACAACAACAAACAATGAAGACTGA	0.253054559
CAACAAAAATAGAAACGCAGGACAAACACA	0.947142601
ACAAAAAAAACAAAAATTAAAAAAAAAAAA	0.987252116
AGATTAAAAAGCAAAAAATATAGAATAATA	0.902942836
CAACCAGACCACAAAAATCAAAAAACAAAA	0.554136634
AAAAAAAAAAATAAATAAATAAAAAAACAG	0.987224102
ATTACGGAAATAAGAGTGAAAATAAAATAA	0.756740212
AAACAAAAAAAAAAAAAAAAAGAAAAAAAA	0.953900516
AACAGGAAANANAGAAAAAAAACNANAAAN	0.96325773
NAATAATATAGAGNCCAAAAGNNTAGNGAG	0.675812185
AAACAAAAAAAAAAATAAATAAATAACGAA	0.978717446
AATGAACAGATGACGCGTCACCTTATAGAT	0.105587699
AAATAAAAAAAAAATAAAAAAAAGAAAAAA	0.969545424
AGAGCGTAGCATAAGAGTACGAACTAGGGA	0.00383787602
AAAAAACAAATGAAAAAAAAAAAAAAACAA	0.985384881
TCCAAACTACAGAATAGAAATACTGAGAGA	0.30366537
AAAAAAAAAAAAAAATAAAAAAAGAAAAAA	0.974520028
AAAAAAAAAAATATAAAAAANAAAAAANAC	0.982789993
CTCAACATCGAAACCAAACAAAGGGATAGA	0.154661074
AAAAGAAAAATAAGAAAAAAAAAAAAACAA	0.979478776
TGTAGGGCCCAAAAACCATAGAAGGAACGA	0.0248358436
NAAAAATAAAAAAAAAAAAAAAAAAAAATA	0.976663053
TTAATGCAAACATGGAGGAATATCTAAAGT	0.00855961349
ACTGGNGGCATGNAAANGGNCCGNAAANNA	0.0336458236
ACAATAAAAAACTAGAATGAATTAAACAAC	0.939920604
ACGACACAAAAAAAAGAGAGCCAAACTACA	0.896453857
AGGTGGGCGAAAACAAAGACAAAGAAGGAG	0.521346331
AAAACCAAAAACGACTAAAAAAGATAAACA	0.903023601
CATGAAGTAAACAGAAAATAGCCTATAAAA	0.620637119
TACAATGAAAAAACAAAAAAAAAAAAAATA	0.962180257
AAAGATAAAACAAGAAAGAGAAAAACTAAC	0.944777846
GAAAAAAAAAAAAACAAAAAAAAAAATAAC	0.985637963
AAGGTAGAAAAAAACAGAAAGCATCCAGAT	0.884767652
ATAAGAAAAAAAAACGAAAAAAAATAGAAA	0.988001049
AGGAAAAAAGCGTATTGGACCAAAAGACTT	0.945345163
AAGAAAAACTTCAAACTACAAAAAAGAAAA	0.918451726
ACAGATGAATAACCGACATTAGCAATCGAC	0.0113475714
GAACAAATAGCCGCATTTATACGACCGCAA	0.427616447
AAAAATAAAAACACGAAAAAAAAAATAAAA	0.965875924
AGATAATAACATAAAGAAAAAGACAATTAA	0.899637043
AAAAAAAAAAAAAAAAAAAAAAAATAAAAA	0.959785879
ATAACTCAATAAAGTGATAAAGGTTAGAAT	0.298128068
CCACGNAGNAAATTAGCGCATCAAGTAGAA	0.201756433
AAGCAAATAAAAACATTAAAATGAGAAAAA	0.952242494
AGGGAAATATGACACGCGAACGAAAATGAT	0.266379535
CTACGANAGATAATTTAAAAACNATAAAAA	0.546685517
AAAAGAAAAAAAAGAAAAAAAGAGAACAAA	0.981070518
TCTNTAAAAAAAAAGNATNNAATACAAAGC	0.945520341
AAAAAAAAAAAAAAAAGAAAAAAGAGGAAA	0.975553155
AAAAAAGAAGAAGAAAGAAAAAAAAAAAAA	0.986977518
AGATACCCCACCATTGTCAAAGTGCTCAAT	0.000317903439
AAATAAAAAACCAAAAAAAAAAAACATAAA	0.968772292
ACTATCCATAAAAAAGACAAGTAACCGGCA	0.584854603
GGGAGGTAGGAAACCTAAAACAGCTAAACA	0.0861286223
GAAGGAACATGCGAGAATCTATACAAGAAC	0.177059874
AAAAAAAAAAACAAAAAAAAAATAACAACA	0.977448881
TAACAAGAATAATAAAATAAGAAGTAGTAG	0.890299618
ACCANTAATANAATTTATTAAAAANAAAAC	0.769616246
GCAGCTTATAAATAATTAGAATCAGCAGCA	0.17474699
CANTANAAGAAAAANAAAAAAAATAAGGCA	0.978611887
AAAAAAGTAATAATAGNAAATTAANGAAAT	0.957763195
AGAAGATAAAAAAACAAAAAAAAACAAAAA	0.960063994
ACAANAAAATAAAAAANGAAAACAAGAAGA	0.969781518
ACAATCCAATGTACGGCATCAGTTTATATG	0.0126891928
CCATAANCAGATNAAAAAACTANCACAAAA	0.747606456
ATAAAAAATAAAAACAAAGAAAAGGAATAA	0.973604977
AAACAAAAAAGAAAAAAGACATAAAAAAAA	0.966143668
ANAANAAAAAAAAAAAAAAAAAGAAANAAA	0.944487453
GATTTGGTATAATGCAATACGTTGGTACAA	7.57597736e-05
AAAAACAAAAGATTAAGAGCAAAAAGATAA	0.916370213
AAGAAGCAACGATGCATAAAAAAGAAAAAA	0.793015182
AGTAAAAAAAAAGAAGCAAAAACAACCAAT	0.983531833
TATACTGTGAGAAAGGCAATAGCCATACGA	0.0063510011
TGGCAAGAGAAAAAAAGTATCAATTAACTA	0.919629455
TAAATAAAAAAACAAAACTAAAAAAAAAAA	0.984890521
AAGAAATTAAAAAAAAAAAAAAAAAAAAAA	0.988490582
AAAAAAAAAATAGAAAAAACAAAAAAAAAA	0.981253445
ACCCGAATAAAGACAAACAAACACACCGAT	0.559550405
AAAAAGAATCAACAAAAAAGTAATCAGGAA	0.961274147
TAAGCTAGGAACGCACCGAGGCTTACGTTT	0.000254631537
ATAATAAGAACCAGTCAAACCAGAGCCATA	0.343900353
AAAAAAAAAAAAAAAAAATAAAAAAAAAAA	0.967926681
ATTTTAAAAGTAGAAAATAATAACCTCTCG	0.677895904
ATCATAGAGAAAACAAATAACAAAAACAAA	0.868189096
GTATGTAAAATAGATACTAAGCCAAATAAA	0.495757818
AAAAAAAAACTCTTCATGACGAGATAAAAA	0.938865244
GACACAANNGCATCCANACCAGNNACAGTA	0.104581609
AATAAAAAACGAAGGANAAAAGCAAAATAA	0.925697505
TAAAAACCACCAATCCACAACCAAAGGAAA	0.324977368
AGAANCTNAATGATACATAACCAAATAACA	0.335008293
AAATATTGAGAAACACGTGACAAGAATATA	0.337023437
AAAAAACAAAAAANAAAAAAAAAAAANAAA	0.936371744
AAAAAAGAAAAAAAAAAAACAAAAAAAAAA	0.9724648
AAAAAAAAAAAAAAAAAAAAAAAAAAAAAA	0.954449415
AGAGNANACAAGCATGTCCAANNAAAANGA	0.618844986
CTGACAAATAGTTCCAAAAATAAAAAGAGG	0.566009879
AGAAAACAAAGGAAGAACAAAATTAAGGAA	0.910078049
AAAAAAAAAATAAAAAAAAAAAGGAACAAA	0.983027935
AAAAAAAAAAAAAAAAGAAAAAAAAAACAA	0.967330515
ACAACCAAACAATAGGAAGAAACGCTATCA	0.612919927
CAGTACAATTGAAAACCATTTAAACGAAAA	0.101182401
AATGTTTATAAGAGTAAATAAAACAGCGAC	0.357954204
AGCGAGAAAGCGCGATAGAATTCGGCCGTG	0.00603357702
CACAATGAGATAAAAAGAGAGGTAGTAGAC	0.731191158
AGACAACAAGAAGTGCAAAAAACATACACA	0.797949135
AAAAAAAAAAAAGAAAAAACAAAAAATAAG	0.980732024
AGGATATTAAACCCCCTCGAAAACATCCAA	0.127016798
AAAAAAACAAAAAATAAAAAAAAGAAAACA	0.971828938
CAAGAGGGACCGAAAGAAAAAAAATCAGTG	0.822688282
ATTAAAGCAAAAGAAAAAAAAAAACAGAAA	0.978994906
NCAAGNCCTACNCNCCTAAACCACGTGAAA	0.0110337157
ACAGGGAGTAAGCATAAAATCAAACAAAAA	0.511578798
CTAGAAAAAAGAATCAAAAGACAAGAACAA	0.976666689
AAAAAAAATAAAAAAACATAAAAAAAATAA	0.98295939
AAAAAAAAAAAAAAAAAAAAAGTAAAAAAA	0.973828018
AATACAAAAATACAAAATCTATAAGATAAA	0.854599953
TAAAAAAAATAACCAAAAAAAAAAAAAAAA	0.982834339
AGCAGAACGAAGACAAACCAACACACGGAT	0.197115809
TAAAAATAAAATAACAAAAAAAAAATAAAT	0.978865921
AAAACAAAAAAAAAAAAAAAAAAAAAAATA	0.951287925
AAAAAAATTAAGTTGAAAGAGATTAAAAAA	0.971997201
AAAAAAAAAAAAAAAAAATATAATAAAAGA	0.981228411
AAATAAAAGACAGAGATAAACAAACGAATC	0.947872281
AAAAAAAAAAAAATAAAAAAAAAAAAATGA	0.979852676
AAAAAANAATANACAAAACNAGCTGAAAAA	0.94840169
AGCCGGGCTTGAAAGAATACAGGGAACAGC	0.069121398
AAATAAAAAAACTAAAATTGGGAAGAATAA	0.957620025
CAAACAAAAAAAAAAAAAAATAAAAAAAAA	0.977938175
AAGAGTAAAAACAAACAAAAGTTGCGATGT	0.880211353
AAAATATGCGACGGGGAAGAATAACAGTCC	0.942931592
GCACAATCAGCCCCAACACGGTCAAAAAGA	0.112199016
AGATTTCCAGGAAGAGACAAAACAGCAGTA	0.179856136
AAAAAGAAAATAAAAGGAAAAAAGTAAAAA	0.984529734
TCNGACGCGAAAGGCCGCACNTACCCAAAG	5.03570627e-05
AGAAAAAAAAAAAAAAAAAAAGATAAACAA	0.979216933
GNGAGAANNGACAAGCTNCCCACACNGCAG	0.0793723017
GCGACTTAAGACTTTTAAAAAGAATGGACA	0.151728854
AAAGGAGGTACTCCAGTGCAACGGGATATT	0.000165678532
ATATTCAAGTAACAAACTTTGACAAACAAA	0.372712135
NCNNCAANNGNNAGNAAACCAATCCCAGGT	0.308488667
ACTAATTAAAAAAATTATGAAAGAATAACA	0.926198542
GATATGATTCAGACTAACATAGCACACATA	0.0292662289
CTTACGCGATACACTAAGATAAAATAGATA	0.0872267112
GAANANTNANCANAGGAAGGAGTGAAANCC	0.58614409
ATACAGTGAACACAGCAATAAGTACAAGCT	0.0336068943
AAAAAAAAAGAAAAAAAAAAAAGAAAAAAA	0.967862546
ATAAAGGGGAGAGAGCATACGAACGACATG	0.103877746
AAAATAAGAAGGCAATCAAAAAAAAAAAAA	0.904622495
ATCAGGAATGCCTGATGAATAAGGCCGATT	0.00140564202
AATAAAAAAAAAAAAAAACAAAAAAAAAAA	0.971803546
AATAAAAAATAGCCAAAAAAAACAAAAAAN	0.935500205
TAGAATGGCGACATACTCAGAATGCTTGAG	0.00254233927
AGCCGGTCTAAAAGCTGCAAAGAGCCTACA	0.000125312174
AAAGACAAAAAGAATAAAATACCAAACAAA	0.953933597
AAAAGAACACAATAATGGACAAAAAGTAAT	0.814805806
TAGAAAAAACAAAATAAAAACAAAACGCGG	0.952940643
AACTANANNAAGNTAAANAAAAGCAATAAA	0.889168918
AAAAAAAACAACAAAAAACAAAAAAAGATA	0.965416133
ATAACACTAACTAAACCGTAGGATGAAGAC	0.0804961845
ATCCCAACATACTTAATCATAAAAAAAAAA	0.318795234
ACGAGAAAAGAGAATCAAGGGGGAACAAAC	0.938722253
AAAAAAAAAAAAAAACCAAAACAAAAGCAA	0.980943739
CACCCATAAATAGAACGGCCGTCTCAATAG	0.0612368956
AAAACATTACAATCCTAAGGGTTGTAGACN	0.473175794
AAACTCACAAAGATTAATCATATAACCGAC	0.140362903
ACAAAAAATAAAAACAAAAAAAAGAGATAA	0.981766224
AGATAAAGCATAAGTTAGAGGCAAAAGCAT	0.363661051
AAAGGAGGAGAAAACAAAATGATCGACATG	0.7914204
ANCCCAGAAAAAATATANAAATAGNNAANT	0.919434011
AACAAAAAAAAAAAGAAAAAGAATAAAAAT	0.981668055
AAATGACGAACATAAAAAAGATTAAAAAAA	0.834529757
AAAACGAACAAAAAAACAAATATAAAAACC	0.945934832
TCACACAAACTAAGAAAATAGATAAAAAGA	0.819738746
GGTGTGATGGTCCAGCTGAAGGTATGAGAG	0.000343178253
ACAAAATAAATAAAAAAAAAAAACAAATAA	0.97761029
AAAAAGGAGAAAAAAACAGAAAAACCAAAC	0.964874446
AAAACAAAACAAGAAAAAAAAACAAAAAGA	0.970180809
AAAAGACCACAGAATCACACAAAAAACAAA	0.663792312
ACACGACCGCTATGTGATAGTTCGAAGCTT	0.000517505687
ACATAAGACAAAGATAAAAAAAAAAAAAAA	0.982332289
AATAAAAAAAAAAAAAATAAAANAAAAAAA	0.977346361
GCTAGTTTATTAAAAAGGGCACAAGCGGGG	0.00868319906
GGAATAACACGTATCGAAGAAAGGCCAAAA	0.284787357
AAAAAAATAAAAAACAAAAAAAATGCTCGA	0.977842629
AATGGTACATAGAGAACGAGAATAGAACAA	0.121706866
ATAAACGTTCTCAAAACATACAAGGAATAC	0.134666145
ACAAAGAAAAAAAAAAAAAAAAAAAACAAA	0.982501745
AAAAAAAAGACAAAAAAAAAAAAGGTATAA	0.979406953
AAAGAAAAATCAAATACGAGAAAAACCCAA	0.947800219
ACNTNATCNCNNTGCNAAACAGGTAAAANA	0.278584749
AAGTTAAAAAAAAAAAAAAACAAAAAAAAA	0.977214634
AACAAAAAAAAACAAAATGAAAGAAAAAAA	0.987768352
AAAAATAAAAAGTAAAAAACAAAAAAGAAA	0.982240856
TCTACACAGACTAAATGGGAAGAGAAAATA	0.188666284
AACCAACAAAATACAAGAAAAAATACATAA	0.856900632
ATACAATCTATAGCTACTGACACAAAAAAA	0.107708357
CGAGCCTAGTATGCTATTTATCTACAACGC	0.000232600985
AAGTGAANAAAAAACAAAAAAATAAAAACA	0.956240118
AAGACCAGTGACTGCGTCACAAAATTTTTA	0.0469996892
AAAAATAAAAAAAAAAAAAAAAAGAAAAAA	0.972504616
GACAAGCATANAGCNCTTAGNAAANANGCA	0.0405772664
CATAAAACAAAGAACATAAATTAACGACCA	0.927664638
AGTCAAGACAAAAAAAGAATTCTTGACAAA	0.861463428
GGTTGAACAGAAGAAAACCCGAAGTACAAA	0.504345357
TTACAACACATTTATAGGAAAAGAAAAGAA	0.506408751
TAANAAAAAGANCTCAGATATAANAGTAAG	0.94727385
TAGTGGCAGTTGCCGTCGAAATGGAGCTAT	8.81717915e-06
AGCTAAAATTTGTATAATACATCACACAGA	0.253830165
AAAAAAAAATAGACAAGGAAGAGTAAAACT	0.963001072
AAAAAAAAAAGAAAAAAAAAAAAAAAAGAT	0.971083403
AAAAGAAAACAACGGAAGTAAAACTACAAA	0.923587203
AAAAAAAGAAAAGAAAGAGAAAAAAAAACA	0.968371272
AAATAAAAAAAACAAAAAAAAGAAATAATA	0.974531114
AAAATAAAAAAAAAAATTAAAAAAAAAAAA	0.983052254
GCAATTGGGAATCAAAATTACTACCTAGGA	0.0796723515
AAAAAAAAACACTAAAAAAAAGAACAATAA	0.964785457
GGACCTNCAGANNANTAGNAACCGGNNANG	0.00745480228
CCAAAGCAAAAAAAGCGAAAATAACTACAA	0.95202893
AGAAACAACACAACTACAATCAGAAAAAAA	0.533911705
AAAAACAAANAAAAGAACAAAAAAAAAAAA	0.967730939
AGAAAANTAAAGAATCAAAAAAAAATAAAT	0.968583047
GACTATTAAAGTCCCTGAGAGTCCGGAAAC	0.000913415337
TGTAAAGAAAGAAACAATAAACAAAAATGA	0.925660014
AAGAAAAAATAAATTAGTAAACAAAAAAAA	0.948129177
CACACGTGTACTAAATCGCAAAAGAAAAGA	0.389611661
ACAGAAGAATTAAAGGGGAAAAGAGGAATC	0.85913986
AAAAAAAAAAAAAAAAAAATAATAAATAAA	0.973074675
AAAAAAAAAAAACAAAAAAACAAAAAAAAA	0.981328964
GAAAAGACGAATGAGAATTAAAAGACAAAA	0.94864738
ATAAACGGAAAATACAATAAGCAAAGAGTC	0.700457096
GTNGAAANNTATACTTCACACTGCTCANAA	0.119075634
AAAAAATGAAAATAACAAAATAAAAATAAA	0.978040338
ATAACTTATTTGAGGTCGTAAAGTGGAAAT	0.000145105834
CCTCCCTACAATCCACAGGCAATAAATTAA	0.10710194
TAGGACGGGCACATCAAATTTTTGGAGTAT	0.00127357035
AAACACGTTAACAACTGGAATACCGAAAAA	0.08571399
CAANTATGGTCCTCAGATAAGNANTGCGGA	0.170103446
CAAAAAAAAAAAAAAAAAAAGAGAAAAAAC	0.991522789
ATCACGAAAGCAATAAGAAGAGATGAAAGC	0.626250744
AAAAGAAAAATAAAAAAAACAGGAACGAAA	0.973328471
AAAACAAAGATCGATAACACGTCTGCACCG	0.814482629
AACATGAGAAAACAAATGCTCCAGATAAAA	0.851583481
AAAAAGATAGGAAAAGACAACAAAAATACC	0.946605086
CCAACAACACAAAAATGGAAAAATAAATAA	0.842901647
GTATAAGGAATTAACTATTGACTAAGCAAC	0.0806785002
AAAAAACAAANAAACCAAAATAAANANAAA	0.96041441
AAATAAGATAAAAAAAAAAAAAAAACAAAT	0.983327091
AAAAAAAAAAAAAAAAAAAAAAAAAAAAAA	0.954449415
CTCTGTAAGTCAAAAACCTAAAAGATAGAA	0.0581268035
TAAGGAATACTCGCTAACCAATGCGTAAGA	0.0246975627
AAAAGCAAAAAAAAACAAAAAAAAAAGAAA	0.959075332
GGTAAAANNAAAAAGACGATTGAANCTGAA	0.972039878
AATAATATAAACATTTAAGATTATTCAAAA	0.379113764
AACATACACAGGAGAAAAGCTCACAATGCA	0.316327363
ACATCAAAAAAAAAAAAAAAAAAAAAAAAA	0.983451366
GGCCGAACAGTTCACAAACTGCTAACGAGA	0.00762374606
GAGAACNAAAAAGTCGGAAAAAAANAAACA	0.946631789
AAAAACAAACAACAAAAAGAAACAAAAAAG	0.95956713
ATGTCGGACTAATATAAACCAAAAAAAAGC	0.248463064
AAAAAAAAAAAAAAAAAAAAAACAAAAAAA	0.961860418
AAAAAAACAAAAAAAAAAAAAACAAAAACA	0.970139742
GAGAAGAGCAGACAATAAAAGCCAAAAACA	0.692238092
ATAAACTTAACTACAACAACGCTGTTAACC	0.123826541
AGAAAAAAAAAAAAAAAACAAAAAAAAAAT	0.965779126
AAAAAAAAAAAATAAACAAAAAATAAAAAT	0.983638287
NAAAAAAAAAAAAAAAAAATAAAAAATAAT	0.973920047
AAAAAAAAGAAAAAAAAAAAATAAAAAAAT	0.981793642
CAAAGANCNTAGAAAAGGAGATAGAAATNA	0.88443166
AAGATATCAAAAAAAAAAAACAAAAAAAAA	0.965300024
AAATAAAAAAAAAAAAAGAATATAAAAAAA	0.97507602
AAAAAGGTAAGCAAAAAAAGCCACATANAA	0.954907119
AAAANTGAAANACNNACTTAAAATATAATA	0.754283845
GCTATAGACTAAAACAGTTGGCGCTAACCG	0.0958005562
AATAAGAAAAAATACCAACTCAAAAAAAAT	0.856354296
AAACTAAAAAAAAAAATAAAGAAAAAAAAT	0.973050475
AAAAAAAAAAGGAAAAAAGAGAAAAAAAAA	0.951068103
CTTACACGATAAACTATGATGATGATATAA	0.0308312252
AAGCTCTACAAAAAGATGACAGAAAAGAAC	0.659499049
TAAAGATAACAACCAAAAAAAGAAAACAAA	0.894511878
ATCCGNACTTCGGTCNTAATAAGGGNNGAN	0.00690101087
AGAAATAATGAGCCATACAAAAAACGCTAG	0.808087349
AAAAAAAAAAAAAAAAAATAAAAAAAAAAA	0.967926681
AAAAAAAAAACAAAAAAAAAAAAAAAAATC	0.976483703
TACCTGCAGATACAATTAAAACTGTGATAG	0.00616868818
AACAAAAGAAAAAAAGAAAATAAAAAAAAA	0.972120106
GCCAGNNANAATTGTAATNGGAACNCTGNT	0.00510049332
AAAGCATAAAAAAAAAACAAAAAAAGAAAA	0.955846488
AAAAAAATCAAAACAAACAAGGTAAAGAAA	0.973860443
AAAAAAAAGAAAAAGAAAAAAAAATAAAAA	0.977124035
AAAAATCAAAAAAAACAAAAAATAAAAATC	0.966492712
TCCACCTGAGAAAGTAGAAATAGATAAAAA	0.242486835
AGCAAAAAAAAAAAAAAAAAATCAAAAAAA	0.983520687
CTACACTACACCAGTATACCCGCAAGTCAA	0.00547505636
GAGTCATCCGAAGTGAATGCGTAGTTTATT	0.000401680125
TNCAATNGANAAATCCNAANACACGCTCAC	0.529975355
GGTAAAGCAAAAGAATTAATATAAAGAATA	0.8861323
GCGGACAAGAAAAAGAATCTGACCAGGCCA	0.868987739
AATAAAAAAAAAAAGAAAAATAAAAAAAGA	0.98096323
AAAAAAAAAAAAAAAAAAAAAAGAAAAAAA	0.964966476
AAAAGAAANCAANCGTAAGAGCAAAACNAN	0.919259608
CAAATAACTATTGGACCAAAGCAAAAACAA	0.713925719
TTCAGCAGAAAGTAAATGAGAAGGAAATAC	0.348452806
GCGGAGAAGTGAGGCTAGTACAAAGCCCGG	0.0102573652
TACAATGAAGAGGACATTTAATTCGACAAG	0.125174955
TAAACATAGAAAAAAAGATTAATGTAAGAA	0.956732631
AGTATAACTCACGCAAGGATCGGAAGAGAA	0.0257126559
GGCATTTACCGAACAAAACTAAGAAAAGAA	0.227499172
AAAAAAAAAAAAAAAAACGAACTAAAAAAC	0.984673619
AAAAAACAAAAAATAAAAAAAAAGAACACA	0.974653959
TTNATTAGNGANGAATCGTANATCATGNAC	0.00650951639
ACCGTCTTCGTTATGGTACCACAGTCAGGT	0.000470856728
AAAAAAAAAAAAAANAAAAAAGAAAAAACA	0.974578083
CACTTAAAGACCATTAAACTTCCGAGTGTA	0.00833275914
CTTAGCTCTGAGGAACCTAAATAAAGGAAA	0.184453681
AAACAAAAAAAAAAAAATGGAAAAAAAAAT	0.985965252
AAAAAAACNAAAAAGAAAANAAAAATAAAA	0.948975801
TCAATAAATAAAAAAAAAAAAAAAAAGAAA	0.978025198
GGTNAAAAGTCTNTTTAAGTAAAANAGGAN	0.588332415
AAACAGAAAAAAACATAAATAAATACCAAG	0.958621383
ATAAATAAAATGAAAAAAAGGCAGAGCAAT	0.9629457
AAAAAACAAAAAAACTAAAGCGAGAAAAAA	0.970759451
GNAANANCAAAANTAAAAANAAGAAAAAAG	0.95341903
AAGAAAATAAGAGACCTACAATTAAAAAAA	0.91520977
ACCAATTTCTAGAAAAGATAATCAAGGCAG	0.452778488
CAAAGAATATAAAAAAGTTACTAAAAAAAA	0.938042283
AAAACAAAAAAAGAAAAAAGAATAAAGCAA	0.969973147
TATAAAAAGTAATTCGATAACACACGAATA	0.785150111
GCAAAGAAAAAAAAAAAAAAAATAAAAAAA	0.985259891
CAATAAACCGCAAAACTCCAAAGACCACGT	0.521720827
TATACAGACTTAGAAAAAAAAAGTGTATAA	0.744895816
AGAAAAAAAAAAAACGAAATAACAATAAAG	0.986905277
AAGCAAGGTACATAGCACAATAAAAAAAAG	0.529033244
GAACAGAGACAGNTACATAAANANAAAACT	0.583152533
AAAAAACAAAATAANNANGAAAAAAAAAAT	0.963566244
ATTAGCTGATAAGCAAAACGACCTATATAA	0.0351962596
GAAANAACNTAGGAAAANCCGCAAAACGAN	0.947227001
ATAGATAAAAACACGAGATAAAAAACATAA	0.799148083
AACTCTTCCGATCCAAGCTATAAACATATA	0.0948092714
GAGATAACCTTGGAATACAGATCCAAAACG	0.0862506405
TAAAAATAAAAAAAAGANAAAAAAAAAAAT	0.991140187
AAAAAAAACAAACAAAAAAACAAAAAAAAA	0.984777689
GACATCACGACGAAAAAAAAAAACAAAATA	0.882546782
AAAACAAAAATGAAAAAAAAAAAAAAAAAA	0.987814307
ATCCGACACCGCCCAAGCCTTTGCTGCGGC	9.10939519e-08
AGTCTCAGTACATAACAAATTAATAAGAAA	0.120867714
CAAGGGATCAGAGACAGTAATATGCGAGTA	0.00391145004
AATTTAAAAAAAGGAACAAATCAACGAGAA	0.948941827
AAGNAGCATAAACATAACTAAACAANCAAA	0.52204442
AAAAAAAAAAAAGTNTAAAAAAAATAAAAA	0.958053052
AAAGAACAAAAAAAGAAAAAAAAAAAAATA	0.95966959
AATAAGAAAGAAACTAAAAAACAAAAAAAA	0.907944679
AAAATAAAAAAATAAAAAAAAACAATAAAA	0.977951527
ATACAAAAAATGACTACTACGAAGAAGAAG	0.833765149
CATCGGAGTTGAGAAATCCTAAAAAAAATA	0.400689274
AACAAATAAAGAACTAATAAGAACAAAAGA	0.93108958
NAAATAAAAGAAAANAAAAACAAACANAAA	0.969659448
AGTAAACTCAAAAAGTATATAGGAGGTATA	0.289264321
AAAAAAAAATCAAGAAAAACAAAAAAAGAA	0.969492078
TAAAAGAAAGATTAAGTAAAAAGAGAAATA	0.980360806
AAGAAAAAAAAAAAAAAAAAAGACCATAAA	0.984356105
AGGAAGAACACTACAAACCAAGAAAAGAAT	0.64254123
CAAAACAAAAAAAAAGATAAGAAAAAAAAA	0.982390404
AAAAAAAAAAAATTTAATGAACATGAGAAA	0.988023818
AAAAAAAAAAAAAAAAAAAGNTAAAAAAAT	0.983861506
AACAAAAAAAAAATAAAAAAAAAAAAAATA	0.981482804
ATTGTTGATCCCCATACTATAATATCATTT	0.0164385363
TAAAGGCGAAGAGTAAGAGAAAAATCAAAA	0.664222717
AACAAAATAAAAAAATACGAAGAAAGAAAA	0.991245806
AAGAGAATAATAAATTTTAAATAAGGTAGC	0.827068686
AAAAAAAAATAAAAAAAAAAATAAAAAAAA	0.975351393
AGAAATTCAGATGAAGAACCACTATGATCA	0.0838599429
AAAACGAAAAAAAAAAAAAAAAAATAAAAA	0.968049109
AAAAAAATAAATAAAAGAAAAAACAAAAAA	0.980388522
CAAAAAAAATGGATCTACGTCTAAAAATAA	0.985951543
CNNTGNAAAGGNAATGGCCAAGTGNTATAT	0.00740037952
GTGACGAAGGTAAACCCGACTGAGACTAAA	0.00753202336
GAGCGCATACCTTAACGAGAACCCTTGATC	7.81737035e-05
CAGGGATCNAGAAANTNACGTAAACAANTA	0.697957695
GAAAAGGACTGGAAGATAAACCACGGAGAC	0.579669654
AAAAAATAAAAAACAAATAAAAAAAGAACA	0.98138088
AAGAAAAAAAAAAAAAAAATAAAGCAAAAA	0.985779285
CTAATAAAGTGAAAATAGGAAAAGATCAAA	0.859639764
AAACAAAGAAAAAAAAACAACAAAATAAAA	0.95466578
GAATAAAACAGATTTGAGAAGAAGAAAAAA	0.947751045
ATTAAACTTATAGTAAGAAAAAAAGAAAAT	0.802310646
AATAAAACAGTAAAAAATAAAGACAAATGA	0.970493734
TAAGAGCCTATCAACCAAAATAATCGCAGG	0.282147795
AGANANAAAAATCNCCTAGCAAGNAAATTA	0.874334216
TAGAGGAAACAGGAAAAAAATACAAAACAT	0.925435185
AAACGGAAAAAAAAAAAAAAAACCAAAAAA	0.972145677
AAATNAAAAGAAAAAAAAAACATAAAAAAA	0.957504392
GAAGATACCTAGTTAGTCATACGCANCCNT	0.00917024631
ATAAACATACAAAGTTATAGACAACAAACT	0.343267947
AAGCCAAAGAACAAAAATATAAAAAAAAAA	0.940127254
AACTAATTGAAACCAAGATACATATAAATC	0.181080043
TAAAATTAAAAGCAAAAAACTGAACAGTGA	0.912587464
GGAAAAAAAACAAAAAAAAAAAAAAAAAAA	0.978570104
TAAAAATAAAAAGGAAAAATAAAAAAAAAA	0.985737205
ATAAAAAAGAAAATCCAAAAAAAAAGAAAA	0.970916629
TGCCGAAATGTAACGCCTGAGAACCTAACT	0.00526479166
AACTGGAAAAAAAAGACTGATAAGAAAGGC	0.971751988
AAAAAAAAAAAAAAAATGAAAAAAAAAAAT	0.984170198
AGACGACAAAGAAAAAGACAAAAAAAAAAC	0.944967091
ACAANCTAANAAAAAAAAAAAAAAAAAAAA	0.983504772
TCAAACCCGGAGTAATAGATACCTATGGTC	0.0061270427
CCACATACGAGTAACATAAAATTACGAAAA	0.259270132
TAACCATAACAAGGAAAATATAGATNGCCA	0.522359908
TNTAAGATNNAAATGAAANGNAANAATCAA	0.72954452
AATANANCCAGTAAACCACTGAAAGNTAGA	0.237973243
TGTAGGAATAAAAAGCAATCAGTGCGGCGC	0.469842166
TAAGGGACAGGAATATACGATTTAACGAGA	0.0278518964
ATCACGAATATACCTAAAAAGTCGTACAGA	0.0669735968
GCCCTCCTCAATGCTCTGTTAAAAGAAATC	0.489454389
CGGATCCCTGCCAAAGTATAGAAGATCTTA	0.0229033735
AACAAAAAAAAAAATATAAAACAAAAAAAA	0.978028119
AAAGAAACAAAAAAGAAAAAAAAACAAAAA	0.962138891
CAATAATAAAAAGCGAATCAAAAAGTAACC	0.890952766
GCTTATAATNCGNCTNAGCNAANTCAAANA	0.0582041927
AAAATAAAATGTATGACAAAGACACAAATA	0.901584208
TTCNAAAANANAANGCGAAATNATANAAAC	0.928154588
AAAAAAATAAAGAAAAAAAAAAGAAAAAAA	0.987733841
AAAAAAAACAAAAAAACCGAAAAAAAAAAA	0.974787831
ATAGACAGTCACAAGAACTACAAAAAAACA	0.47025162
AGAAAGCTAGAGAACAAAAGTTAACAATAC	0.645172
TGCGTTATGGTAAAGGATAAGCGGGAAAAC	0.000853026577
AAAAGAAAAAAAAAAAATAATACAAAAAAA	0.963024199
AAAAAAAAAAAAAAAAAACAAAAAAAAAAA	0.965607941
AATAAAAAAAAAAAACAAAAAAAAAAAAAC	0.977363229
AAAAAAAGAAAAAAACAAAAAAAAAAAAAA	0.978265285
TGACGGCACACAGAAGTAAAAATAAAGGAA	0.378908545
ACTCGCAATTAGTCCGCATAAGACAATAGA	0.0808568746
AAACATGAAACCCAGAAGAGGAGAGCGGCG	0.154833868
TATAACATAAAACACCAAAAAAAAAATTAA	0.811182678
CAAATNCAANATACTTGNGAAACTAGATAC	0.186344549
GCAGAAANAAAAATAACAANANACAATNCA	0.981153786
AAAAATTAAAAAAANNAAANAACNCATAGA	0.978046834
ACGCAAACGTAAATCGGCGAACAGGAAAAA	0.0916245207
AAAAAAAAAAATAAAAAAAAAAAAAAAAAA	0.98612982
AATAAGAAAAAAAAAGAAAAACAAAAGAAA	0.977282286
TCGAATCAAGCAAGGCATGAGTGTAACTCA	0.0525590628
CTAAAACTCTAACTGTCAAGCGATGTCTAC	0.00125362026
GAGCAGTCGTGGGCGAGAANNACAGGAGTA	0.00366041833
CCCCCCTTCAAATAAACAAAAGGCCTCAAA	0.201068163
AAAAGAAAAAATAAAAAAAAAAAAAAAAAA	0.988747597
TATAAAAAAGAATAAAATAACGTGAAGAAA	0.974923253
ATAAAAACGTCATAAAAAATAGGTAAAAAA	0.941285908
AAAAGAAGACCTAAATGAGCGAGGTAAGTA	0.753694773
TAGCAGTAGCAAAAGTATGAAATTTATCAA	0.156840116
ACGCCAACTCAAGACAATAGAAAGCCCAGT	0.0794319585
ACAACAAAAAAAAGTAAAGATAAGCATGCA	0.97350955
TAAAAAATGAAACAAAAAATAAAAAAAAAA	0.993412197
AAACANCAAAAAAAAACAAAAGAANCACAA	0.951931059
ACAAATCACAAATAACTGAAAAACAAAACT	0.756047726
AAAAAAAAAAGAAAAAAAAATAAAATAAAA	0.970115125
AATAAAAAAAAAAAAAAAAAAAAAGAAAAA	0.970725417
ACAAAAAAAGAAAAAAGAAAAAAAAAAAAA	0.983978212
GACATGTAACAGAAAGCAAATGGTCTGAAG	0.13483116
AAAAGAAAAAAAAAAAAAAAGAAAAAAAAA	0.958297551
AAAAAAAAAAATAAAAAAAAAAAAAAAAAA	0.98612982
AGAAACAAAAAAATAAAAAAAAAAAAAATA	0.976882577
AATACGTTAACACCGCAGAGGTGAAGGTGA	0.000984872691
AAAAAAAAAAAAAAACAAAAAACAAAAAGA	0.978355765
NACNGATACNCANANATTANCAGAANAAAN	0.287003368
AGAACATAGATGCAACAAACAATTGAAATC	0.366332471
GNAAANAAAAAAAATAACGAAGAACAAAAA	0.984271824
AAAGAAGAAAAGACTAAACCAAATCAAAGA	0.954966903
ACTAACTGGAAAAGGTTGACAAAAAAGAAA	0.74072051
AAGCGAGTGCAAGAATGGACAACATTTAGA	0.00836984068
AAAANTAAAAGAANAAAAAAANNGAAAAAA	0.969068527
AAAAAAAAAAAACACACTAATGAACATAGA	0.977617264
NCACGNNANTATAACGCTGCNAGCGNNGAA	0.0213185735
CAGTTTCTATGAAATTGGTTGAATCCTATG	0.0220936704
TGCGACTAAGAGCTACGTCCACAAATGTGA	0.000121094083
TGAACCTAGGGAAATCGACCTACATTAAAC	0.00487813866
ATCAAAAAAAAATCTGACGTTAGGTAGAAG	0.957258224
AGAAGAGATAAAAAAAAACCAAAGAAAGCT	0.982204258
ACACAAGTATCATGACTAAAAATAAAAAAC	0.463437289
AAACATAAAAAAAAAAAGAAAAAGAAAAAA	0.971514523
ACGAAAAAACAAAAGGAGAGACCAAAAATC	0.973177373
ACAAAAATNGNCAGCACCNCCNNGAAATNA	0.916278422
AGGCCAAACTGGCTAGAACAGGGAATACAC	0.0287257452
AAAAAAAATAAAAGAAAAAAAGAAAAAAAA	0.985776365
AAAAGTAAAAAGCGCAAGCCAAAAATGGAC	0.61641562
CAGATGAGACAAAAATCAAAAAGCAAATAC	0.437122941
CTAAGAAAGTTGACTAAACAGTANAACAGG	0.387233347
ATTAAAACAATAATAATAAAAAAATAGAAG	0.932095408
ACAACCAGAGCTATCTACAGTTAAAACGGC	0.0048092939
GGCACAAGGCCAAAACGAAATCAATGAATA	0.131306559
AAAATAAACAAAAGTAAACGAAATAAAAAA	0.955714703
AAAATAAACTATAAAAAAAAAATAAGAAAA	0.979303598
TCCCTACAAAGAAAACCTCTTACAAAAAGA	0.335675359
AACACAAACGTAAACCCAAAAACTATAAAC	0.112630524
ACGAGCTGACGTAATTTCATAACCAATAAC	0.00227993564
TCAATAAAAAGAGAGAGGAAACCGTAAGAA	0.927176058
AAAAAGAAAAAAAAAAGGAACAAAAAAAAA	0.969629824
ACAGAGTACGAGCCCCAGATAACAGATAGA	0.0541085899
CCTCAGTACAGATGAGAAAGGATACAAGCA	0.049664136
AAAAATAGCAAAAGCATAATAGGAAAAACT	0.949008286
AAAAATAAAAAAGAAAAAAAAAAAAAAAAA	0.988227546
AAAAAAAAAAAAAAAAAAAAAAAAAAAAAA	0.954449415
ACAGAAAATAATACAAAACGTCAATGGAAA	0.915401578
AGAAGATAAAAGAGAAAAAAAAAAAAATAA	0.972536206
AGAATAAAAAGGAAAATTAAATAATCAAAA	0.967700779
ATTAATTTATTCGGAAAAGCATTACAAATC	0.104188606
AAAAGAGAGAAAAAAAAAACAAAANANAAA	0.974272609
GACCAATAACAGCTAGTAACGCTAGAGAGG	0.11545825
AACACAAAAGCACTAAAAGAACCCAGAAAT	0.743818998
AATAAAACAAAAAGTTAACATAAAAAACCG	0.932492256
AAAAAACAAAAAAAAAAAAAAAAAAAAACG	0.964091659
TCCTTTCATAATAGTACCGGTATATATAAA	0.0122651448
AAAAAAAAAAAAAGAAAAAAAAAAAAAAAA	0.974696696
GGAAAAAGAAGAAAATAAAAAAAAAAAAAA	0.987686515
TTAGTAGAATATCCCGAACCCGCTGCACTA	0.0155461738
AATAAAAAAAAATCAAAAACACAAATACCT	0.964412212
ATTAGTTAAAGCCGTCCCGACCCATTTAAG	0.000172400512
CAAAAAAAAAAAAAAAAAAACACAAAAAAA	0.986381888
AAACATAAGATGACAATAGCAAAATGCTCA	0.483354747
AGTGCCGTCGGAGTAGAAGTCCGGCAATTA	1.20606073e-05
CAAAGAGCAAAATATGCACAAACAGTAAAA	0.778933108
AAAAAGAAAAAAAAGAAAAAAAAGAAATAA	0.977342844
TACGCATTGCGATAACCGAACTGTAAAAAA	0.241504759
AAAANAAAAACAAAAAAAAAAAAATAAAAA	0.958740234
AAAAAAAAAAATAAAAAAAAACCAAAAAAA	0.980650961
CTTTATTCCAAACAATGTTACAAGTCATGG	0.122123294
AGAAAAAGAAAGAAAATAAGCGAATAAGAA	0.983611166
AACGGAAAAAACCTAAATCCCCCCGTAAAG	0.925098896
TGGTCGGACTATTACAGATCAATTGACTAA	0.000318935607
ACAAAATTGTGAAAATCGAATACGAAAAAA	0.856039464
AAAAATAAAAAAAAAACAGAAAAAAAGCGT	0.98764044
GAATATAAAGAAAAAAAAAAAAAAAAAAAA	0.988238037
ANGTNACANNAAAAAGNACANACAATAAAG	0.864106178
AANAAAGGAAAAACAATAATAAATAANAAA	0.962787747
ANAAAAAAACAAAAAAAAAAAAAAAAAAAA	0.959632337
CTGTAAAATAGACTAACAGTCCAACAAAAA	0.512415588
AAACTAAAAACAAAAGAAAAAAATAAAAAA	0.958619595
AGAAAAAAAAAGGAAAAAAAAAAAAGAAAA	0.971494913
ACAAAAATATAAAAAAAACAAAAGAAAAAA	0.986045063
AGCTACAAGTGCCAAATATCATGTTCTCAA	0.00634750864
TTACAAAAAATATCCAACAATGTGAGGCAA	0.777551472
AACAAAGAAAATAAAGAGAAAAAACAAAAA	0.982793331
AATAGAAAAAAAAAAAATAACAACAAAAGA	0.975596964
AGAATAGTAAAATGGTTAAATGATACAGGA	0.507176995
AAAAAAAAAAAAAAGAAAAAAAAAAATAAT	0.979068041
AGCTATATCGCANAAAATCCATAAAAAAAA	0.613942921
CACAAAGAAAATAAAAANAAAACTAAAGAA	0.973681629
AATTAAGGAAAACAAAAAAAAAAAAAAAAA	0.968704522
ATAAAAAGAAAAAAAAAAAAAAAANAAACA	0.989324987
AGAAAANTAAACAACCATATANACCAGAAA	0.889010251
ACAATTAAAAAAAAACGATAACCAGTAATA	0.95028162
AAAAAAAGTTAAAGAAAGAAAAAAAAAATA	0.98123014
AATAAAAGAATCATAAGAAAACTCAGAAAA	0.936554253
AAACACATGGAAAAGACCAAAAAAAAATAT	0.889281094
TATAGAAAAAAATGGAANNTAATANAAGNA	0.964932084
AAAATAGGGAAGAAACAAAATAGACAAAAA	0.954548419
CTAATAANTGAAACTAAAATGANGAANCCN	0.711290419
AAGACAAACAATAAACATAACCACGTATCC	0.706681967
AGCACATAAACAAATTATTTCTATAGAAAA	0.430955648
AAAGAAAAACAAAAACAAAGAAATAAAAAG	0.962477803
GAACAACAATACGAGGCTAGTAAACTCGGA	0.318214715
AAGAAGAATAAAAAAAAAACTAAAAATAAA	0.97423017
GTAAAGACAAACAGAAGAAACGAAAACACC	0.806049824
AATCCAAGACATAAAAAAACAAAACCGCAT	0.696649551
AAAAAAAAAAAAATCAAAAAAAAAAAAGAA	0.979072869
ACAAATGCGGGAATCATCGAAGACATGAAG	0.0621930026
AAGAAAAAAAAAAGAAAAAAAAAAAAAAAA	0.976719379
TGTAGAATTAAGGTAAAGAATCGACACTGG	0.231690645
ATGATAAGAACAATGATAGAATAAATCCAT	0.5088346
CAGAAAAAAAAAAGACAAANNCAAAAAAAA	0.978646934
AATCGGATAACACCAAAGAACCGAAAACAA	0.220218539
TAGAAGGCGAGAAAATACGGAACGAGAAAA	0.804493666
AAAAAAAAAAAGCGGACACAAAAAAAATAA	0.875227392
AAAATAAAAAAAATAAAAAATAGAAAAAAA	0.976290047
AAANAAAATAAANCNAAAAAGNAATAAAAA	0.975012541
AAGCTAATAACAAATCAATAAAACAGAATA	0.574398935
AATGATGTCGCCCGAGCTTATCGAACAATC	0.0227157772
AAAAAGAAAAAAAAAAAAANNANANAAAAA	0.984378278
AAAAAGAATTGAATAAGCACTCAGAAAACG	0.936793804
AAAAAAAAAAAAAAAAAAAAAAAAAAAAAC	0.965276718
ACATACTTAAAGGGCACATAATACCAAAAA	0.136671707
TAAAAGTTAAAAGANNGANCAANAAAAANA	0.872702479
AACAAACAGACCAGCTAAGCAACAAATTGC	0.353974253
ACAGAAAAACTACACCAAACAGACAAAAAA	0.724959135
AAAGAATGGGAGACCACTTAGACTAGGTAA	0.693242908
CCGCCCATACGGGACTGTCTTGCAGAATGT	1.77188235e-06
ACAATTGTCAGATTGCCACAGGAATAATAT	0.0613566451
AAAGAAAACAAAATAAAAACNAAAAAAAGA	0.971041143
AAAAAAAGAAAAAAAATAAAAAGAAAAAAG	0.978468239
CTNATAANGGANCNGAAAAAGGTNNACCGG	0.224810645
AAATAACATAAATTAAAAGTCGCAAAATAA	0.762461007
ATTACAGCTAACAAAAGCTCAAAGAATAAT	0.3005355
AACTAAATAAAAAAAAACAAAGAAAAAAAA	0.965491593
ANACTANTAACNGAGTTACACATCNAAAAA	0.209483728
GACAAAAAGAGAAAAAAGAACAAAATAAAA	0.983269572
AAGCAAAAAAACCCAAAAGAAATAAAAAAA	0.934864163
AAAATATAAAAAAGAAATAAGAAAAGAAAA	0.971897781
AAAAAAAAATAAAAAAAAAAAACAAATAAA	0.971272886
ACCGTTAGCTCGTAATCTCAAGCCGGATTG	3.91045205e-08
AAACATAAATGCACAAAACTCATGTGTCAC	0.357417166
AAAAACAAAAAAAAAAAAAAAAAATAAAAA	0.96570164
AAAAAAAAAAAAAAAAAAAAAAAAACAAAA	0.957929075
AAAAAAAGAAACAAAAAAGCAAAAAAACCC	0.972544074
AGCCTACAGAACAATACATACAAACCGTGA	0.140038148
CAACGAACCAGAATATTGAAATCTAGAACC	0.10051439
CTAAACAAAGAAAAAAATAAAAAAAAAAAA	0.982527912
CATATACATCATCATTGGAAAAAAACCAAA	0.438351572
TAAAAAAACAACCAAAAAAGCGAAATAAAT	0.961216688
AAATAAAAAAACAACAACAAATGATCAACT	0.960425079
TATGAAAGCAATACAAGACNAAGGGAGAAG	0.356013507
AAGATTNNAGCCCAAAGNTTTTATAATTAC	0.0216003526
AAAATATAAGACAATAAAAAAAAATAAAAA	0.958553255
AAATAAAAAAAAGAAAAAATCAAAAAAAAA	0.974768162
AAAAACGGAAAAGAAAAAAGCATTATAAAG	0.973288834
AGAAAGGACGAACAAGCGGTCAAATAAAGG	0.699623108
ACCNANACTCTANAACCAGACCAANGCAAA	0.0853123516
TAGAAAAATGATAAAAAAGAAAGAAGAATA	0.991785288
AATCAANTANGCNANAAAAAANAAAATAAA	0.895503759
AAAAAAAAAAAAAAAAAAAAAGCATAAAAA	0.980707228
ATAAACAAAACAAGACTATATTACAAAACG	0.835008383
GATAAAAAAAAAAGAGTTAATGCATAATTA	0.984817922
AAAAAAAAAAAAAAAAAATAAAAAAAAAAA	0.967926681
AAAAAAAATAAAATCACAAAAANATAAAAA	0.975949049
AAAAAAAAGAAAAAAAATAAAAAAAATAGA	0.971423507
AAAAAAAAAACAAAAATACAAGAGATACAC	0.95973444
ACAACNAANANNNCAAAAAAANGTAACNTT	0.951175749
ANAAACAAAAAAAATAAAGAACAAAAAACA	0.967277884
CTAATTGGCAAAATAAAGAAAACGGCCAAA	0.65047878
CTGATACTAGAACAGTAAGACCAGACTACT	0.0321860053
TAGGAAACACAGTAAATATAAACAAAAATA	0.795980632
AATGCTTAGTTGTAAAGATATAAAACGTAG	0.267033011
TCACAAAGAGCCCAATAAAAATTAAAAAAA	0.665931463
AATAAAAAAACTAAAAAACAAAAAAACGAA	0.967647433
AAATNTAAAAGAAAAAAAAAAAAAAAATAA	0.976770222
AGAAAGCCTGGTCTAAATGTAACCGTTAGC	0.000698413001
CCTAGCGGTCAACAGGTACAAGCTTAACAA	0.00077642547
CACATAGGAAAGAAGTAACTAAAAACTAAC	0.682998002
GAANANANANTCCTNAANNAAGNNGANNNA	0.951263189
TTAAGAAGANAATAACAAGAGAAAATAACA	0.929405451
AAAATCAACAAAATGCCACGAACGCTAGAT	0.5971241
AAAATAAAAAAATAAAAAAAATATGAAAAG	0.985969424
AAAAATATAANATCAATAAAAACAAAAAAA	0.856479943
AAATAAAATACAAGGAATAATGAAACTAAA	0.922335565
ANGAGTGCTGTGATCANNTAGATAGACTNA	0.00974571239
ANAAAAAAAAAAAAAAAAAAAAAGAAAACA	0.966456234
AGGTAAACAGTCAGTGCAATAAGGAACAAA	0.204872623
CNTANCNCNAGGTTAATTAAANNCAAGTNN	0.194881737
AATTAGGAACCAGAACAACGAAAAAGAACT	0.445901155
TAATATCGAATGAAAAAAAAACGTCAAAAA	0.834485233
AAAAAAAAAAAACAAAAAAACAAAAAAAAA	0.981328964
TATATTCAAGTAATGAATAACCAATGAGAA	0.0466288403
AAACAAAAAACAGCCATAAAAACAAAAAAA	0.874642253
AAAAAAAAAAGAAAAAAAAAANAANAAAAA	0.96110487
GAAATAAAANAANAANTCATACAAATAAGG	0.9704023
AAGCCGATCTGCCTTAACAAAAAAAATGCA	0.315665483
AAGCAACAAAAAAAAAAAAAACAAATAAAA	0.96102035
AATAAGAACCCCTTAACTAAAGCGCTCTGA	0.236328751
TACTGCTTAAATAAAACAACTAGAAATAGA	0.313080758
AATATATTATCAGGAAATAACAACAAAANA	0.411251634
AAAAAAAANAATAACAAAAAANAAAAAAAA	0.968186378
GAAAATTCTAGCGCCGTCCTTAACAGCAAC	0.00756761571
NTGAAATGAAAAGATAAAACNAATCANANG	0.94242841
TGAAAAAAAAAAAAAAAAAAAAAAAAGAAA	0.978105664
NNAAGGAGTAGTTCGANGNCGGCGAACGAG	0.000551491394
TTTAGATAAAGGGGAAAAAATAGATTACAA	0.67986387
AAAAAAAAAAAAAATAAAACAGAAAAAAAA	0.976412773
CTGAGTCAAAATCACTAAACCAAAAAAAGC	0.352476507
AAAAAAATAAACAAAAAAAAAAAAAGAAAG	0.981273055
AGGCGATTTGAAAAAGATAAACCTATAGAA	0.388018876
AAAAAAAAAAAAAAAAGAAAAAAAACAGAA	0.96741116
GCACTCAGCAAAGCAAAACAACACAACAGA	0.242579371
AAAAAAAAAAAAAGAAAAAAAANGAAAAGC	0.983695507
AGAATAATACTCTTGAAAGAGATTAAAGGA	0.405594826
AAAAAAAAAAAAATAAAAAAAAAAAAGAAG	0.980249524
CGAANAATCAAAAAAAAGAAATACGANAAA	0.96721071
ATAGACATACTTTAAAACCTATTCACTTAT	0.0129869701
AAAAAAAAAACAAATAAAGAAAAAAAGAAA	0.976044893
TAAAAAAGAAAAATAAGAAAACAAAGAAAA	0.990271509
GTCAGAAAATAAGGATAAAAAAAAGAACAG	0.937005579
AGAGCCATCGAATGGGGTACGATAACCACT	0.00693690358
GGTTAGGGCAGTTGTCACATGGTCTGGGTA	2.08527884e-09
AAAAAAGGAAAGAAAAAAAAACAATAAAAC	0.984883368
AGTACAAAAAAAAAGAAAAAAAAAAAAAAA	0.983862221
AAAAACAAAAAACAAAAAAAAAAAAAGAAA	0.971164584
ACAAGAAGAAAATTAAGGATCCAGAATAAG	0.95062083
AAAACTAAAAAAGAAAAAAAAAAAAAAAAA	0.985116065
TATAATAAACTTCTTAATAAGACAACAAAA	0.461138219
CATAAAATAAAAAGTGCAAAAAAAACAAAG	0.956634343
CGAAAATAAACAAAAATAAAAAAACAAATA	0.965585589
AAGAAAAAAAAAAAAACAAAAACAANAANA	0.970349133
CAAGACCGTTTAAGACGACAAAGGTAAGAA	0.0131075215
TACGTGGACTTAGAACAAGAAATGTAAACA	0.0977573618
AAAAAAAAAGTACTAAATCACAGAGTAAGA	0.962654293
GAAGTTGTTAACGATTAGTGTATTGGAAAA	0.0039386889
CAAAATCGTTGCTACCGACACGAAGAACTC	0.0297208708
CCAGAAAAAGGTAAAACTCAAAACGAACAT	0.931924224
AAAAACACAAAACAAACAAGAAAGCATAGA	0.905687511
AAACAAAAAGCACAAAGATAAGATAAAAAA	0.947700202
GAATANAAATAAAGAGAAAAAACAAAGAAA	0.956998944
AAAATAACAACAAAAAAGTAAAAACAAGAA	0.932581425
CAATATAACACACTATAAAGGAAGTCGTCC	0.159173042
ACAATTGAAAACAATTATGGAATTAAAAAA	0.801284254
TACACAAAAAAAAAAAAAAAAAAAAACAAA	0.977154315
AGCTCTTACACCTAGGCAAACTTAATGCAT	0.00140647951
AGAATCCAAAACTAAAAAAAAAAAAAAAAA	0.954007626
GGAACATATACCAAAAGCATGGAAGATTAT	0.227968276
AAACAACAAAAACGAAAACCAGAATATTCT	0.870740175
AGCCAGAACAGAGGACAAACGAATTTATGA	0.182668835
AAAAAAAAAAAAAAAACACCAACAAAAAAA	0.96962142
TGAACAAAAGAGAAATTGGCGCCGACGGAT	0.903150022
AAAAAAAAAAAAAAAAAAAAAAAAAGAAAA	0.954926133
AAGACAAAAAGGCATAGATAATTACAAGAC	0.843663156
TANAAAAAAAACAAAAAAAAAAAANAACGN	0.978675425
AAACAAAAAAAGACTAAACATGAATAACAT	0.970597923
AAAACTAAAAAAAAAAAAAAAAAAGAAAAA	0.975070417
CAAAAAAAACAAAGAAAAAAAAAAAAAAAA	0.988888919
TAACCAAAGAACAAAAACAAAAAAAAAAAA	0.964218259
GGCTAGAGAGGAGCTATAATAATGACACCA	0.0617983378
AAATAAAAAAAACAAAAAAAAAGCACAAAA	0.975643158
AAATAACACAAAAAATAAAAAAATNGTNAA	0.884840548
AACTGCTACACGTTAAAACAAGACAAAATT	0.164182678
AACAGAATCCACAGATAAAAAGAAAACCAA	0.594085991
AACAAAAAAAAAGCATGATACCATCAGAGT	0.959371269
AAAAAAAAAAAACAAAAAAAAAAAAAAAAA	0.981600106
AAAAAATAAATAAATAAAAAAGAAAAAAAA	0.980317116
AAACAAAACAAAAAGTGAAAACAAAAAACA	0.958045483
CAAAACCGCTAAATACAAGAACTAGAAAAG	0.417001337
AAAAAAGANAAAGAAANAAGAAAAAAAAAA	0.979350269
TAATGATACGAGTGATAAGCAAAGATTATG	0.0103616174
ACTCGTCCACTGTTGATCTAACTAAGCTCA	0.0549082942
AAAAGACAAAACGGACAAGTAAAAAAAACA	0.934978545
ATAAGATAAAAATTACATATACANAATAAG	0.859834552
GAGCAAAAAAGAAGGTGAAAGAAAAACACA	0.941211402
CTAAGAAACAAGTGAAAAAATAAGAACAAA	0.950237274
CAAAGAAAAATAGACAAATAAGAGGAATAA	0.978137851
TGGGAGNANGNCCATCAAGGTNGNACNTAC	0.00553513831
TGGAAACTCATTCACAGACGCGACGACCTA	0.00847260002
AAAAAAAATAAAAAAAAAAAAAATAAAACA	0.986454725
AAGCCAAACGAACAGCTAAAAAGTAGACAA	0.227086306
AAAGTAAACTCTGAAGAGCAAACGATTCAT	0.0683132261
AAAAAGAAAGTATATAATTATGCGATAGAA	0.959936082
AAATAAATAACAAAAAAACAAAAAAAAAAA	0.971657515
AAAGANANCTAGCCGTGAGCAANAACGNAN	0.0877129883
AATTAGCAAAAAGCCGACAGAAACAAAAAG	0.575439751
AATAGAGGAAGAAAAATAATGAAAAAAAAG	0.944545627
ACCGTACACAAGAGAATAGCTTCGTTAGTT	0.111721419
AAAATAAAAAAAAACAAAAAAAAGACAAAA	0.973120511
AAAAATAAAAAACAGCATATAAAAAACACT	0.981008768
GAATCACCAGTCAATATGTTTAAAAAATAT	0.428555429
AAAGTGCAGATACACCTATAAGAAGGTCAT	0.053845197
GCACCTACACAGGGCGCCATAACCGTTTAA	5.01210161e-05
CAGATCAGCCATCAGTATCCAATCGAAGGA	0.00404026825
AAAAAACCAAATTAAAAACAGAAACGGTAT	0.898366272
AAAAAAANAANAACAAAAAAAAACAAGAAA	0.955393255
AAAAAAAAAAAGACAAGAAAAAAGAATAAA	0.959546626
AAAAAACAAACAAAAAAAAAAAAAAAAAAA	0.98107785
AACCAAAAAAAAACAAAAAAACAACAAATT	0.979838252
AAGTATGGACACAAATAGCAAACAGTAAAA	0.0665393695
AAAAAAAAAAAAAAAAAAATAAGAAGATAC	0.98323524
AAAAAAGAATAAAAAAAGATAAAAAAACTC	0.991267383
AAAAAAAAAAGTAAAAAAAAAAAAAAGAGA	0.980276585
ACGATAAATAAAAGAAACCTTGCGTAAAAA	0.935093224
AAAAGAAAACAAAAAAAAAAAAATAAAAAA	0.965469599
CACATCATTTTACCAGAGGACAGAGNCGAA	0.0112303467
ATCAAAAAAACAAAAAAAAAATAAAAAAAA	0.979203343
CTAAAACAGAACAATGCATGTCAANGGAAC	0.617233515
GAATAAAAACAAAAAAACAAGAAAAACAAA	0.957206666
AAAAAGATAAAAAAAAAAAATAATATAAAA	0.983165979
ACAAAAATAAAAAAATAATAAAAAAAAACA	0.99204576
CACCCTAGAATCCGANNAAGAAATNTCCAA	0.211146802
CAAAAAAAAACAAAAACAGTATATAACAAA	0.983821929
TAAAAAAAAAATAAAAAAAAAAGAAAAACC	0.995156288
GCTGATAAGAAGTAGTAGCAACATATAATA	0.184142545
AAACAATAAATCACAACCANTTAAAGAAAA	0.826034784
AAAAAAAACAAAAAAAAAAAAAAAAGAAAA	0.958947182
AAAATAAAAAACAAAAAAAACAGAAAAAAC	0.976512194
CTCACAGAAGAATAAAAAACGAAACATGCT	0.847577989
ATACAGAAATAAAGAATGGAAAAGAGGTTG	0.890802503
AGTAAGAACCGAACAAAAAAAAGTAAGAGC	0.869119167
AGAGAGAAAAAAAAAAAAGGAAAAAACAAA	0.968481719
AAAAAAAAAACATAAAAAAAAAAAATAAAA	0.978165209
TAGAACAACCTACCCGCACGACCAGTTATA	0.128362462
TAAAAAGAATAGGACCTCAAAAGGTAGAAA	0.904499233
AAAATAGAAAAAAAAAAAACCAAAAAAACA	0.981941223
GAAAAAACAAAAAAAAAAAAAACAAAAAAA	0.975051284
NAANAANAANAAAAAAAAAANAAAAAGATA	0.942294359
AAAAAACAAAAAAAAAAAAAAAAAAAAAAA	0.957294583
AAGCAAGACAGAAAACCAGGTAAAAAAAAA	0.817009568
AAAAATAACANATNAAAAAAATAAAGAANG	0.973060668
ATCAAAATAAAATAGCAAACAAAAAACAAA	0.948180914
TAAAAATACGCAAATGTGCACGGTAACCAA	0.621801436
CCGAAAAAAAAAAGAAAAATAAAAAGAAAA	0.990763843
AAAAAAAATAAAATACCATAAACAAAAAAA	0.94409734
CAGGACGAGACCAAATACGCGTAAATATAG	0.0421891734
AAAAGAAAAATAAGGATAGGACAAAATAAA	0.971692443
GAGTTATTATAAAAAGTAAATACAAATGAT	0.517897785
TGAATGGTTCTCTAAAAACTGAAGAACAAA	0.208241954
AAAAAAATAAACAAAAAAAAAAAAAACACA	0.984107494
AATAAAAACGACATAAAAAAATAAAACAGA	0.94809866
TAACCTCTAAGAAAAAAAAGAAAACGGCCA	0.880992532
GAAGAATAAAAGAAAGTAAAAAACGAAACA	0.973617435
GGAGCAACATAAAACTTTCCCACTATGACC	0.131250203
GGAATAAAAAAAGAAGACAAAAAAAAAAAC	0.985770583
AAAAACAAAAAAGAAAGAAAAAAAAACAAA	0.962984025
TAATAATAAAAACTAGAAGAAAAACGCAGA	0.923635662
ATCAAATACAACAGAAAAACAAAGTATAAA	0.819042683
TACCTATCCTCACCGAAAAAATCACGAGCA	0.242474467
GGTAGTGAATACAAAAAAAANACCNCGACA	0.650098622
AAAAAAAAAAAAAACAAAAAAACAAAAAAA	0.979450226
TACACCAAAAATAAAAAAAATCTAAACAAA	0.911651433
CCAAAATCAGTATGGCGATAGGGCCGCCTG	0.00350596639
AAGAAAAAAAAAAAAAAATAAGAAAAAAAA	0.977366984
GAAGCGGAAGAGCTCAAGTCATGGCACAAA	0.000872699602
AGATTTAGAAATAGGAAGACAAAAAATTAA	0.655211508
ATGAGACAATTCAGATAAACAGAAAGAAGT	0.261392564
TGATTGATATNANCNNATNAAANANGATNA	0.188579202
TAAACACTAAACTAGCAAAAACCGGAAGAT	0.309248865
TACTCAAAAAACAAACCAAAAAAAAGAATG	0.88754034
TAAAGCAAAGACCGTATTATGGTGCTAGCG	0.0340337865
AGAACAAAAAAAAAAAAAAAAAAAAAAAAA	0.965357125
ATAAAAACAAAAGAAAAAAAAAAAAAAAAA	0.988519847
AAAGTAAGAGTAACACAAACAACAACAAGA	0.522173584
TAAACGAATACTAAAATAATAGAGCCCACG	0.610807478
NANGATTAGNAAGTTTCCCNTAANACTGGN	0.00740590133
AAAATCAAAAAAAAAAAAAAAAAAAAAACA	0.977866352
AAAAAAAAAAAAAAAAAAAAAAAAGGAAAA	0.967385173
CTGCCGGCAAAAAAACGGGTTAAACTGAAG	0.37274754
CNANCCGNNTATTAGGCCGAAAGTAGAAGA	0.0125052538
NAAAAAAAAAANAAAAAGAAATAAGACAAA	0.981348574
CAAAGTAACACAGATAAGACTCTAACACAA	0.364133686
CGTAACCATCGTAAAACGAAAAAAAATAAA	0.495884717
GAAGACTAAAAAGTTAAATCGTGAATTTCA	0.0423411094
AAAAAAAAAAAAAAAAAAAAAAAAAAAAAA	0.954449415
GGGCAGAATAACGCATTAAACAAAACAACG	0.323013395
CACAAAAAATCAAGAAAAAAGGAAAAAACA	0.980770767
ACGATAACCGTTCGAAATCCCAACATAATA	0.068006821
AAACAAAAAAAAACAAAAAAAAAAAAAAAA	0.970953047
TAACAAATAATAAAAAAAACAAAAAAAAAA	0.973948777
AGAAAAAAAAAAACAGAAAGAAAAAAGATA	0.980574965
CAACAAAGTAATATAGTAGAAAATTAAGCG	0.850986242
AAAAATATTATCACCAGCCAGTAAGGAACT	0.863562584
NCTNTNGAANTNAAAAGTTNAATCCNATCG	0.00201873132
TAACACACACAAAAAAAAAGACAAAAAAAA	0.865318775
GATACAATATGCAACAATGAAAGCTACATC	0.0993620902
TCAACTTCAACAGTAGATACTTAAATGAAG	0.0643707514
CGACAAAAAGCGGACTAACGAAAAAAAAGA	0.951036751
ACAANAAAGNGCAANGCNAGCGNCACAGNA	0.895292699
AAAAAGAAAAAATAAAAAAAACAAAAACAA	0.980601013
TAGAAACTCAGCGGTGACTCACCAATAAAG	0.25824219
AGAAGAAAAACAAACAACAAAATAAAAAAA	0.957376778
GAAAATTAAAATAAAAAAAAAAAAAAAAAA	0.984841049
AAAAAAAAACAAAAAATGAAAAAAAAAAAA	0.980321229
GCGTAGAAATTAGAAGAAGACCAGAACCGA	0.482835323
GGAAGACAAAAAATAAACCAAAAGCCACAC	0.940801024
AAGAAACGTACAAAATAAAGCCTAAAACAA	0.869525731
CAGTACTGCAGACCCCTACAAAATGAAGCT	0.0672935769
ACNTACGAATAGAANTAGATAAGGNAACGG	0.324449509
CAGCAAAGAAACAATGTACGATCAAGAAGA	0.891389668
ACAAAANCAAGANGGTGTNACTGTAANGTT	0.849282801
AGCACTCCGTNTATCAGGCCTTAGCAGGNG	2.07632593e-06
TAGACCAAAAGAGGAGGCCCAGAATTAAAA	0.484548032
ATAAAAAAAAAAAAAAAATTATATAAGGGA	0.991472483
NATCAGNANANAAAAATAACAAAAAANAGA	0.943497002
AAAATTAAAATTTATAGGAGAATACGAAAA	0.669779718
CGAAAATGGACCCAATCCTGATACTAAAAA	0.297778994
GGCAAGCGTCAAAAAAGAAATCATATAAAA	0.667411804
CACAGAAAAAGCGCGAGTCAATCCAATACC	0.710261941
AAGCCAGTGCACGGAAGTATTGAATGCAAT	0.00369518553
TAAAAAAAAACAAGAAAAAAAACACAGAAA	0.986188829
TTAGAATAAGAATAATATGCACGTAATATA	0.635212183
TNAAGACNACACAATAAANTAAGANGGGTT	0.424412966
GAGCGCATACAGTCATAAATAGTGGCACTG	0.00275437208
AAAATACAACATAGGAACACGAACAAACCC	0.624082148
ATAAAAAAAAAAGAAAAAAAAAAAAAAAAA	0.987192988
ATAAAAAAAAAAAANTANAAATAAAAAATA	0.989374518
AACATAACAATAAAAGAAAAGTAAAACAAA	0.926297665
ATAAAAAAATACAAAAAAAAATAACAGAAA	0.975188673
ANGCGAAAANAAAGATTNCTNCCGAATAAC	0.932516217
AACTCAGTCTAAAACAAACAAACAAAAAAT	0.239752606
GTCACAGTTGAGAAGACCGAACACGTGTGA	0.0551656634
CCCGTCTGACCAAGTAAATTCCACAAGGAA	0.00113424251
TAAAAAAGCAAAAGGTACAAATTTAAAAAA	0.979131699
AAAAAAAAAAAANAAAAAANAAAAAAAAAA	0.967508912
AATGAAAAAAATTGAACAACGACAAATTAA	0.949478865
AGAACGAACACAGACATATTAGCCCTACTA	0.0744431913
GTATAGACCATATGGAGTATCGTACTAACG	0.00809382554
AAAAAAAATAACAAAAAAAAATAAAAAAAA	0.992188573
ATAAAACTAAAAGAAAAACGGAAAAAACCA	0.978151202
GGGTTGGNNATTACNAGANNCCGGAGTNGN	0.000486864359
ATAACAAACGCCCAGTCAATTTAGGCTGAC	0.428967625
AATACTGAAAAAAGATGATCTTAAAAAGAA	0.956962645
ATCCCACGGAAAACGGACAACGAAAAAAAA	0.169494331
CACGCAAATGACTAAAGAAGAGATACGAAT	0.418967783
GAGANANAAAAANCGNNTNAATAAAAGACG	0.937772214
AAAACAAACCAAAAAGATAAAAATAAAGAT	0.925027668
AATATAAAAAAAAATAGAAAAAAGACATAG	0.977474511
NANGTGAGAATAAGAATTACCAAGCATNAG	0.295938402
CCCAAAACAGAACTAAACTAGATCAAACGG	0.751975656
AACTCATTAAAATAAAAAATACAAGAAAAA	0.839198828
ATAAAAAAAATAGAAAAAACAATCAAAAAA	0.981278539
ACGAAAAAAAAGAGCAGCCAAAAGAAAGAA	0.97385931
AAAAGACAAGTGGTCTGAAAAAATACAAAA	0.835142553
ATAGAGAACAACACAAACTAAANAANAGTA	0.683944583
CAGTTGTCAACATCCCTATTGAAAGTTAAA	0.0065377811
AAAAAATTAAAAAAAACGAAAAAAAAAAAA	0.988348305
AGAAGGGCAAATACAAGGAAAATAAATAAA	0.715147913
GTGGAGGCCAAAAGAAACAAGAAGGATCCT	0.516004682
ATAAAACACCGGTGCTTCAAAACGAAAAAG	0.36455974
ATCTATAAAAAACACAAAAAAAATATAAAG	0.901217937
AAAGAAAAAAAAAAAAAAAAGAAAAAAAAA	0.953440964
TAAAATATACGCATAACGTAACACTCTATC	0.55206728
TAGTAAGAGGTAAAAGTCAACATTATCAGG	0.142352402
AANTCAAGANAGAAATATTATAGACANTCA	0.721538067
AAAAAAAAAAAGAAAAAAAAAAAAAAAAAA	0.97951746
ATAGAACAAAAAAAATAAAATAAAAAATCA	0.965309739
AAGAAAAAAAAAGAAAAAAATAAAAAAAAG	0.982527435
AAAAGAAAAAAAAAAANAAAAGCNAAAAAC	0.978938162
AACAAACGGAAAAAAAAAAACAAATAAAAA	0.975194216
AAAAACAAAAATCAAAAGAAAAGCACGAAT	0.965159237
AAAAAAAAAAAAAAAAAAAAAACAAAAAAA	0.961860418
AAGGGAAAGCAGATGCATTTACAATGTTGA	0.0799749941
AAGACGTCCTGTAGAGAAGCACCTCGTAGG	0.00676677655
CCATACATAACAAAAATGAAACCAAAATGT	0.706003368
ATGNAAGAATTAAATAATCATGAACNNANG	0.788810432
CAANAACNANAAAAACAATNGCTAAAAANG	0.936210692
GATACTAAAAGAAGCTTGAAAGTGCATCCA	0.336875707
CAAAAAAAAAGAAACCAAAAACATAAAAAA	0.985653341
AAAAAAAAAAAAAAAATAAACAATAAAAAG	0.976463437
CAGACTAAAAAAAATAAAAGCTGACAAAAA	0.94774878
CAAAGAAAGAGAAACGAAAAAAAAGGAAAA	0.98538059
ATTCATTCCCCTTGAATACTACAATGGATG	0.000569211377
GCATAAGGAGATACAATCTGGAAGAAACAA	0.338379592
CGNNGATCAAGCAAGGAAANCNNTACTTNA	0.252615809
AAAAAAAAAAAAACAAAAGAGAAAGAAAAA	0.979988813
ACTGAGAAAATTAAAGTCGAAAAAATAACT	0.880233169
GCGAATTCAAAAATGTATCAACAAATTGTT	0.271579176
NAAAAAAAAAANAAGAAACAAGAAAAAAAA	0.972364068
AACACTATGGAGAACAAAAAGAGGAAAAAG	0.837646067
GAAAAAATAGACNGCATCGNAAANANAGTC	0.966659904
CCTATAACTAAAAAAAACAAAAAAAAAAAA	0.966270864
GACACATAGATGAAAAGAATGAACGAAAAG	0.705752552
ATAAAATATTTAAGTGGAACGGACGAGGGT	0.585012138
AAAAAAAGAAAAAAAAAACAAGAAAATAAA	0.974943519
ACAGAGATTAATGCACGTACAGAGCATACG	0.00952591747
ATAACACACGGTCACGAAATTTAGCCCGCA	0.0448126346
TCCAGATGAGAAAGCATGTCACCGGAAAAA	0.0482951999
GGGCAAAGCAAAGTCTGCTACAAAAATAGG	0.277236909
AAAAAACACTCAAAAAAAAGAAAAAAAAAA	0.989165843
TCAATCAATTAAAACTAAATTCGGGTCACA	0.232898995
CGAGAATAGCAATCAAAGTCTCGGGTGCTA	0.152914941
CTGCAAGAGTAATAAAAATATCAATAACAA	0.604040504
TNATTAATCGNCCAANCAAGAGAAANTAGN	0.297490388
GACTTATATAAATCCCTAGACAATATAAAG	0.107083455
CAAAACAAAAAGACATNACTATGACNATCN	0.895406604
CAAAAAGACAAGAAACAAAAAACAAACAAA	0.975983083
CAATTAACACTTTAACGACTAATGAAAAAA	0.437025219
ATAAAACGACAAAAATAAAAATGAAAAAGA	0.945733964
CTTAACTAATAAACACAAGAACGAAGAGAA	0.423684359
AAAAAAAAAAAAAAGTAAAGAAAAAAAAAA	0.986245394
AAAAACAAAAAAAAAAAAAAAAAAAAAAAA	0.96777761
AAACTAAAATAAAAATAGAAAAAAGAAGAA	0.928039968
AAAAAAAATAATAAAAAAGAAAAAAAAAAA	0.994308889
ATCCGCTTCAAAGCAAAATTGCGCCGGACT	0.00143234967
CAAAAAAAAAAGAAAGCAAGAAAAAAAAAA	0.983731985
GATTTTTCAACAAAAGAAAAGGAAAAAAAT	0.532091022
GGCCAGCAGCGCTACTTAATAAGCGAAAGC	0.000176350877
AAAAAGATATTACGAAATTGAGAACAAAAA	0.947434068
ANAAAAATNAAAAAAAAAAAAGTAAAAAAA	0.981159866
GAGTAGATCTCACTTGATCATCTCCACATA	0.000586699403
GAAAAAAATTGAAAATCATAATAAAAAAAA	0.978612065
AAAAAAGCAAAGTAAAAAATCAAAACAAGA	0.954745173
AAGACAACAAAGATAAACAAAAGACGAAAC	0.869541347
ATAAAACAAAAACAGAAAAAAAAAAAAAAA	0.977139533
TTGTTAGATCAAAAATTCAACGAAGATGAG	0.0155052477
ATTTACCGCGCCACAATATGAGATATGACA	0.00322797848
AAAATAAAAAAAAAAAAAAAAAAAGAAAAA	0.965681553
AGGTCAGAACAGTAAAGACCCGATATGAAA	0.0604713298
ATAAAAAAAAACAAAAAAAAAAAAAAAAAC	0.984457314
AAAATAAAAAAATAACAAAAAAACTAGCAA	0.982223511
CCAGATTTAAGAAGAGCTTAGTGCGTGCTA	0.0443733446
AAGAAAAAAAAATAAAAAAACAAACAAAAA	0.981824934
AAAGACTAACAAGCAAAGACTCAACTAAGG	0.120412596
AAGCAGAAAAACAAAAAAAAAAATGTAAAA	0.96635133
CGGCAAAAATAACCNANCANGANACAAAGA	0.90340811
AATGAAGAAAAAAAAAACAAAAAAAAAAAA	0.977603555
TAAAAGCAAGAACAATTAGAAAGGATAAGT	0.714856267
TGNCGCGACTCNAATAACANNTANTAGCAN	0.100442916
AAAAGATAAAAAAAAAAAAAAAAAAAAAAT	0.976394475
GGGATCGCGCTCGTCCCGTAAAACCATATC	0.00241526612
AANAATGAATTTAAGACNGTATGAAGAANG	0.606286585
AAAAAGCAAAAAAAAAAAAAGCTAAAAAAA	0.938730061
TAAAGGCAAAAAGAAAAAACACATAAGAAA	0.963089406
AATACAATAATAAAAAAAAAAAAAAAAACA	0.973050296
CAACAGTGCACCATAGAACACCGCAAAGCC	0.0217137318
CTAAAATACAAAACCTGGAAACAATTGAAA	0.590536296
CCAACNAAAATNNATTAAATNACNNANAAA	0.874995291
ACAAAAAAAAAAAAATATAAAAAAAAAGAA	0.984745979
TGAAGAAATGTAATGAAGAAAAAAACAAAA	0.951972425
TCAAAAAGAACACCAACAATTAATAACGAA	0.898350775
GACATACATACCCAGAAATACCAACAAGCG	0.0487831235
AAATTCGAAGGTGAAAACAAACACAAATAA	0.45237869
TTCTAAAAAAACTAAAGTTAAAACCAAAAT	0.849220455
AAAAACAAACAAACACTTAAAAAAGACAAC	0.913205087
NANAACGGAGNCAAACTAATAGGGNTANAC	0.106247775
ACAACTACAATAACAAAAAAACCCAATATA	0.756039262
AAAACAAATAAAAANNNAAAAAAAAAGNAA	0.953051329
AAAANAATAAAAAAAAAATAAAATAAAACA	0.978278399
GACATCGACATCGAGAAAATAGAAATATAG	0.261511981
CAACAAGTAGACACTGAGATGAAATGTGAG	0.0548178479
AAAGAGATTAATTTAAGGCAAAAAAAAGGT	0.857273161
GTAAAGAAAGNAAAAAAACATAAAAANAAG	0.984351754
AAAAAAAAAAAAAAAAAAAAAAAAAGCAAA	0.964074075
AATAGCGAAAAAAAAGGGAAAAATACGCCA	0.966181695
AAAAAAAAATAAAAAATACAAAAAAGAGAT	0.971210122
AGAGTCACAACGAAGAAAAATATAAAANAT	0.69132632
ATCACCATATACAATGAAGAATACGGACAG	0.0671362951
TCACAAAACAAGAAATGACACAACATCAAA	0.782469034
AAGAGAAAAAAAATAAAAAAAAGAAAACAT	0.975059569
AAAAAGCAAAAAAGGTACAGAACAAAAAAT	0.883105278
AAAAAAAGAAGATAAATAAATGAAAAAATA	0.968527555
AAAAGACAAAAAACAAAAAGAAAAAAAAAT	0.953891516
GATCAGAATTCAAATACGGGTAGTAGACCT	0.00271818647
AAGAAGAAAAAAAAAAAAAAAAGAAAAAAA	0.970441163
ATAAAAGACGAAAAAAAAAAAAAATAAAAA	0.988894165
ANGANAGANANAAAAANAAAAAAGAATAAA	0.942501128
TTGGTCTCTACAAGCCTCAAACATTAAGCA	0.000164742945
AAAACGAAAAGTCAAAATCCGGAAACTAAA	0.69187963
AATAAAATAAAGTATAAATAGAGGAAATAA	0.963382065
ATAAGAAAAAATGACAGTCGAAATAAAGTT	0.96660018
AAAAGAAATTAAACCAAAAAAACAACAAAA	0.93257165
AAAAAGAAAGCATCAAAGAAGCCTAAACTA	0.947309792
AAAAGAAAAAAAAGAACAAAAAGAAGAAAA	0.978442371
CATTAGAAAATCTCACATTTTTATATGATC	0.287518978
CATAGGCCAAAACAAGGGCGAGGAATATAA	0.18612881
AACCTTCTATGATACGAAAAAACAGAAAAT	0.360281855
AAGAAAATAGACACAAAGAAAAGCAACTAG	0.947146654
AAAACAAACGAAAAAAAAAAAATGCGAAAA	0.978086293
GAAAAGAAAGAATAATATGAAATTGATCGA	0.973820448
AGCATGAAAAGAGCAAAAATAAAAAAAAGA	0.949291825
AAAAAAAGAAAAGACAATATTAACATTTAA	0.955148101
AACAAAAAAAAATCAAAAAAAACAANNAAA	0.979128599
ANCCANAATCTGACGCANGTAANAAANTAT	0.411485434
GAACCCATCTATAGTTAACAATGAACTAAA	0.0218142923
AAAAAAAAAAGAGATAAAAAAAAAAAAAAA	0.969793379
AAAAAAAAAAAACAAAAAGAAAAATAAAAA	0.980735123
AAAACAAATAATTAAAAAAAAAAAAGAATA	0.982180238
ANCGAAGAAAAAAAAANAAGACNAAGATAA	0.97964853
AAAAAAAAAAAAAAAAAAAAAAAGAAAACA	0.97280407
AAAAAAAAAAAAAAAAAATAAAAAAATCAA	0.96887958
TAAAAAATAAAAACAATAAAGAAAAAAAAA	0.986458123
ATAAATAAAAAAAAAAAAAAAAAGCATAAG	0.990559995
ACAAGAAGCATTGAACAAAAGAGATAAAAT	0.775964081
AATAAAAAACAAAAGAAGTTAAGGATTCAA	0.947016835
GAAACCCCGTATGTTATAACAGAATAGAAA	0.119478852
GATCAACTATAAAGCAAGAAATACATCTTG	0.224807814
AAGAATATAAGNATAACNGCAAAAAANNAA	0.901400149
AAAAAAGAAAAACAAAAAACAAACAAACAA	0.979799151
TATCAACGAAGCTCGCAATATGACTCCGCA	0.00128615228
AAAGTCAAAACGTGAAACAAACAACCAAGA	0.468397945
TAATACGATTAAAACGAAACAGAAAACTTA	0.395367771
TNNAATCGCAAATAGAAAGCGTNAGTAAAT	0.26341024
TTGCCAGTCAACAGACATAGATTTGAACAA	0.00952158589
ATATAAACAAAGAAAGCAATTAAAAATATA	0.870638132
AACCTGGAAATACAAAGACGAGATCTATCG	0.171297789
TACAAGAAGAAAATCATCATAAAATAAAAG	0.92581439
TAAAAAAAACAAAAGAAGAAAAGACAAAAA	0.988725722
AAATTTATCAAATTAGAGAGCTTATAAGTC	0.117865577
AAAAAGAAAAAAAAAAAAAAAACAAAAATG	0.979774773
AGTAACAACGGGGTGAAGAACCAAAATCCC	0.0251412988
TTACACAAGACAAAGACATAAAACGAGATA	0.469004035
ATTAAAAAAAAAAAAGAAACGAAAAAAAAA	0.983195901
TATAATTCAAACAACCAATTGCCTCAAAGA	0.25313884
ATCAAAAACCGAACTACTAAACGGTAAAAA	0.546751797
TACAAATAATCGCAGACTCAGCGTAGAACG	0.474259555
AAAAAAAAAAAAAAAAAAAAATAAACAAAA	0.971228778
TAATAAAAATAAAATAAACGAGAGTGAAGA	0.944553196
GAAAANAAAAATCNGCTAGACAAAAAAANA	0.881254435
GAACAAAAAAAAATATAAGATAAAAAAGTA	0.989405215
AAAGAAAAAAAAAAACAACAAAAAAATAAA	0.96759963
ACAAATAAACTCTGTAAGCTAATCTTGGGG	0.70530802
CTTAAACTGCAAATAGAAAATGTATTTAAT	0.273207426
AAGATCCAGGGAAGGTAAAAAAACTAGGAG	0.816660464
AACAGAAACCCTAAATGTCGGATGCCATGA	0.17151323
AAAAAAAAAAAGTCAAAAAAGAAACAAAGA	0.973224998
CATAAGGAAATAAAAGAAGAAAACGAAAAA	0.954821348
CAAAAAAANTAAAAANAAAAACAAAAATAA	0.984521329
AATGAAAGAGACACGCAACAGACCAAATTG	0.396135092
AAATATAAAAGAACAAAAAACAACAAAGAA	0.946332276
ATTAGAACCCCGAGAAATGAAAGAGAAAAA	0.352900088
AAACGAACAAACAATAAACACAAGTGAACA	0.721405327
TTCATACACAGTAGAAACAAGGAAATATTA	0.0915078893
CTGACGAGAATATCAATATATATGAAAGAC	0.14519541
AAAAAAAATAAATAAAAAAAAAAAAATAAA	0.990730107
GAAGAAATTGCAGTCGTAGTCTACGCAGGG	0.698102832
GGGAGTAGCATATAAAAAGGACTTCTGAAA	0.141554743
AAAAAAAATGTTAATCTAAAATAGAAAAAA	0.966109395
AAAGAAAAACTAAAGAAAAAAAAAAAAAAA	0.990978599
AGGATGTCGTTAAACAAATCATTACAGCAA	0.104232825
AAATGAGAAAAAAACATAAACAAAAAAAAA	0.931524158
GAAAAAAAAAAAAAAAAAATAAAATAAAAA	0.98028928
ATGAGCCAGTAAAATAAACTAGAAAAGCTA	0.512391031
AAAAAAAAACACAAAAAAAAAAAAAAATAC	0.977437496
AAACAAAAATAAAAAAAAAATAAAAAAAAA	0.971075237
GATAAAAAANANTANGAANAATTAAAAANA	0.952308655
AATGAAGGTATTCTAATCGACTTCTCAAAT	0.0266881119
GACAAAAAGAGGATAAATAAAAAAGAAAAA	0.985164046
AAGNAAANCCAANAAAAANANAAACNAAAN	0.942886233
AAANAAAAATAATAAAAAACAAAAAAAAAG	0.984649003
TAGAATAAAGCAGAGAGAAAAACTGAGAAA	0.891182601
AAAAAAAAAAATAAGAAAAAAAAAAAACAC	0.986344576
AAACCAAAGTAAATACAAAAAAAAAAAAGA	0.945901155
AAAAACCACAGGAATTACAATGAAAAAAAA	0.69052285
AAAATAAAAAAACAAAAGAGAAAAGGAAAA	0.980911851
GCNNAANACAGAACACNNCAATAACTAACG	0.529196501
GTTACTNAAAACAACTATATAAAAAANANA	0.772797167
CTGCTTGTTTGACAATTTGGTGACAATAGC	0.00287417276
AAAAAACAAAANAAAAAATAATAAAAAANA	0.963805258
AGCAACATACTGNNAANGGAGCANAGGTAA	0.116153479
AGTCCGGCTGAACATCCCACTCTGTGTCTC	4.1806608e-08
GAAAAAAAGAAAAGAAAAAAAAACAAAAAA	0.976436257
AAGACAATAGACGATAGTAAAGCCTCTAAA	0.26423043
AAAAGTNCATGTANAANAANATANGGAAAA	0.744657993
AGCAGAAAGATTCGAAACAAAAATAAAAGC	0.825250089
CAAGGTGGGAGAAAGAGAAACAAAGAGAAA	0.828941464
AGCAAAGAGACCAGAGTTTCAAGGTCATAA	0.149831459
GAAACTTAAAAGGTACGCATAAACTACGAA	0.0249424446
AAAAACAAAACAAAAAAAAAAAAAAAACAC	0.975075185
ACACAAAAATCGAAAAAACAAATGAGAAAA	0.962569475
AAAAAAAACAAAAAAAAGAAAACAGACAAC	0.973628879
AAAAAAAAAAGAAAACAAAAAATGAAAAAA	0.973996282
AAAAAACCAAGAAAAAAAAAACAAAAAAAA	0.990554035
AAAAACAAAAAAAAAAAAGAAAAAAAAAAA	0.965336144
AAAAAAAAAAAAAAAAAAAAAAAAAAGAAA	0.95621419
AAAAAAAAAAACTAACACAAAAAAATAAAA	0.94611305
ATGAAAAATACAGAAAAATAGCAAAAAAAA	0.955496669
GAAAAGAAAGAAAAAAACAATTCGTAAACA	0.992820919
GGTTAGAAACTAAAACCAGTAAATTACATT	0.183427304
AGCAAATCAAAAAAAAAAAAAAATCAAAGA	0.981693447
AAAAAAAAAAAAAAAAAATAAAAAAAAAAG	0.96950531
AAAATAACAAGCAAAGGAGGAATAAAAACT	0.906620264
GAAAAAAGAACAGACAATAATAACAATAAA	0.980688334
CAAGAATAGAGAAAAGCTGAATGAACCAGA	0.911885977
GCACATATCAGAACCAAATAAAATGTGATT	0.204434216
AAGAGAAACAAAATAAAAAAAGATAAAAAA	0.960472703
AAAAAAAAAAAAAGAAAAAAAAAACAAAAG	0.978744984
CAAGCACACGNCTAAATNAATAGAGNAACT	0.190523863
AAAAATAAAAGAAAGAAAAAAAAAAAAAAA	0.982670605
CCCATAACCAGGCTTGGTGAACGACAGTTA	0.00124872779
GCAGAAGAGGCCGAATAGAANAACGAAAGA	0.422046721
AATCGATGGGATCCGATGAATTAAGCATAA	0.0254207868
TATCAGATACCCTAGTCAATTAGAGTAGTT	0.00305150449
AACGAAAAAAAAAAACAAAAAAAAGAAAGA	0.977936327
AATAAAAAATAAAAATAAAAAGACAAAAAC	0.97760582
AAAAAAAATAAAACAAAAAAAAAATATAAA	0.983736932
AAAAAAAAAAATAAAAAAAAAAACAAAAAA	0.98273313
TGGATAACAAAAAACGAACAAAAAAAAGAC	0.925378025
AGCATAAAGAAAAAGATTAAAAGAAATCAT	0.95826602
AAAACATTAAAGAAAAAAAATCAAAAAAAG	0.958907604
AAAAAAGAAACAAATGAAACAAGACAAGTA	0.98725152
NATAGAACNATANCAAAAGNATATANCAAC	0.461965621
TACATGGCCTTAAGCCTCGAATGCTAATAA	0.00101888145
AGAAAAGAGAACAAAAAAAAAAAAAAAAAA	0.988467515
TCATAAAATACCCAAATCCAACAATATAAA	0.437231034
ACATGCGAAATCGGTGAATGAGGAAGGTAT	0.000623635831
AAAAAAGAAAAAATAAAAAAAAAAAACAAA	0.980526567
AAAAAAAAAACATAAAAAAAATAACAAAAA	0.984487712
AGAAAGCAAATAACAAAAAAAAAAAAAAAA	0.971151769
AACATAACAAACAAAAAAAAAAATCAAACC	0.939437032
AAANNACNGACAAAGATAAAAACAAANAAC	0.903414488
GGGACCATAAAAAATTCAAGAACAAGGATA	0.786598444
AACAAAAAAATAAAAAAAAAAAAAAAAAAA	0.983800352
TAATAAAAAAAGAGCATTTAACAAAAAAAA	0.8689996
AATCAAAACAAAAAAACAGAAATAACATAA	0.912205875
ACAAAAAAAAAGAAAAACAGAATAAAAAAT	0.986751795
ACAAAANNCANTTAATCGAAANAGAAAAGA	0.939048648
AAAAAAAAAAAAGAAAAAAAACAAAAAAAA	0.977166593
CAAGGAAACGACAACTAATAGGTACTAAAA	0.280899137
ATTAATAAAAAGAAGAAAAAAAAAAAAAAG	0.981235862
AATAAAAAAAAAAAAAAAAAAAAAAAATTA	0.968411505
GAGTGCATAAAAAAGCAAAAAATGCCTAAT	0.907329321
AAACGATGAAGANAAACNAANTCTTTGTAA	0.697054803
AAATAAAAAAATAGAAAATTAACGAAAATC	0.981072903
AAAAAAAATAAAAAAAAAAAAAAAAATAGA	0.979523182
ATGCCGAAGCATGGGCACAACCACGGATAG	0.00182158011
CAAAAGACATGCACAATAACAATTAAGAAC	0.634403288
AAACGAATAACAAAATAAACAAATAAAAAA	0.904346824
NAGGAAAACAGAACAAACNATGAGTAAGAA	0.917594135
AAAGGAAAAGGACATAGAAACAAAAAAAAA	0.860845923
AGAAANAAACGANANAACGAAATGAAAAAA	0.926691175
AAAAAAAAATAAAAAAAAGTAAAAAAATAA	0.970822692
AAGACTAAAAACAGTTATTAAAAAACCAAA	0.714664817
TTAGAACACCGAGTGAACATCTTGAAAAAT	0.0257418789
AAAGAAATAAAAAAAAGGATAGATACAGAC	0.985266447
ANNTANNCTAGAAATNNNAACCNANCCAAG	0.269195676
ACATAAAAAAACCCAACAACAAACAACGCT	0.861634374
AACTTTCATCCCTTTAAAAGCCCGGGTCGC	4.71966378e-05
ATACAAAAAAAAAAGAGCAAAAAAAAAAAC	0.986955345
TAAGACAAGAACAGTATAGTAAGGCACCGG	0.348130494
GTAAAATATAAGGTACACTTACTACAACTT	0.521290898
AAAAAAAGAAAAAAAAAAAACAAATAAAAA	0.976104498
AAAAAAAAAAAAAAAAAAACAAAAACAAAA	0.963442385
GTCAGGGCAAGCTATATCAAAGCAACCAAT	0.0448054858
CAACAAAAAAAATTATCCTAATACTAACTA	0.953755975
AAAAACGATAAAAATTAAAGATGAAAGAGA	0.952954173
ACATAAACTTTAAGTGTCGAAGATTTCATC	0.10490787
ACCAAAAAAAATAAAAATCAAAAAATAAAA	0.984571457
TAAAACAGAAAATGAATACAGCGATGAATA	0.890809238
AACATAAACCAAAATGCCGAGAAAAAATTT	0.597651958
CGCAAAGATCGGGTATAAGGCTACAAATCA	0.0483874343
ATAAACTACAAACAATGGAAGAAAAGACAT	0.627927005
AAAAAAAAAAAAAAAAAAAAAAAAAAAAAA	0.954449415
ATGACAAATAAAAAAAGAACAAAAAAAAAA	0.964835286
NACNNGATNTCTNATTTACGATAAACCTCN	0.0145139229
CCGAATAAAGATTACATAGACCATCCCAAG	0.605915308
AAAANGAAAAAAAGAAAAANAAAAAAAAAN	0.970227242
AGCAAAATAAGAATAAAGCGCATTGGCTGT	0.971808672
AAACAGGAAATAGCAATCCACGACACGAAA	0.0681008846
ACGCTCAGTGAAAATAACTGGGATTAAAAC	0.242234945
ATAGGAAAAAACNGNTATTTCATCCCGACN	0.86541599
GAAAAAAAAAAAATAAAAAAACTAAAAAAA	0.985261023
AAAAAACTCAAAAAACAAAAAAAACAAAAA	0.971274912
GACATGAACGAACCCACCTATATTCAAAAA	0.064178519
CGATAGAATTCATTAACGAAAAACTTAATA	0.0374541134
ANAAAAAAAGAANAGAAAAAAAAAAAAAAA	0.973921955
NTCAATNAGAAAAAAATAACANAATAAAAA	0.969404519
CACTATTCACAAAAACCACCCAAAGTAACA	0.256535441
CGAAGAAAAGCTAGTAACAACATCCAACAT	0.777317405
GGAATGAAGGCATGAAGAACAACAAAAGTT	0.401139438
ACATAATAAAAAATAAAAAAATGAAAAAAA	0.95806694
ACGGACACCATAAACAGACCAAAAAATATT	0.230893001
AACGCAATCATAACATAAAGTTACATACCA	0.162236765
AAAAAAAAAAAAAAAAAAAAAAAAACAAAA	0.957929075
GGGATTTTNNCNCTGCATCAAANANGNAGC	0.0139265535
CGAAAANAAGTAAGCCATCGNACTATACCA	0.899390042
AANGAGAACAACAGAAGTAAAAAAGAATAA	0.878096521
AAAAAAAAAAAAAAAAAAACACAAAAAAAA	0.970003843
AAAAAAAAAAAAAAAAAAAAAAAGAAAAAA	0.960560799
TTATAATAATCACAACCTGGGAATGTCAGG	0.10538274
ATCAACAGACACGACATCCAAAAAAAAAAA	0.349720031
AATTAACATTATTTTGATAAGCTATACCCT	0.0264784507
GCGAGATGAAAAAAAAAGCCAAACCGGAGG	0.949203312
TCACTTACGATGAACAAAATGGAGAAAGGA	0.176197544
ACAGGGATAANANANAAAGCANGAAACTAA	0.796759725
AGAAGATTATATACAACCACGATAAAACGG	0.297431707
AAACCACCAAAACGATGAACTCGTACACGA	0.205948442
CTACGAAGTAACAGCTAGCGTCAAGATCAA	0.0218485352
AACTACAAACGAAAACCATCATTAGAAAAA	0.427485853
AACTAATAGAAAGCACGGACCAAAATAACA	0.527547956
AAAAAAAAAAAAACATAGAAAAAAAAAAAA	0.982140481
AAAGAAAAAAAAAAAAAAAAAAAAAACCAA	0.965057075
AAAAAAANAAAGATAGTTATANACANCAAC	0.930356085
AANANGNGACAANAGATAACTAAGATAACA	0.711834848
AAAAAATAATATAAACCAAAAGAAAAAAAA	0.945594728
AGAAAAAAAAAAAANCAACATAAAAAGAAA	0.975634873
AAAACTAGAAAATAANATAAATAAGAAGGC	0.931964099
AAAAAANAAAAAAATAAAAAAACAAAAAAA	0.959815085
AAAAAAAAAACAAAAAGAATAAAAAAAACA	0.978027225
ATAAAAAAAAAAGAAAAAAAAAAAGAAAAA	0.985332191
AAGAAAAAAAAAAAAAAAGATAAAAAGCAA	0.981792748
AAAATAACCCTAAAACTAAAAGTAAAAGTA	0.740133107
AAAAAAAAAAAAAAAAAAAGAAAAGAAAAC	0.977998614
AAAATAAAAAAAAAAAAAAAGTAAAAAAAA	0.976448536
CATAACACCAGAAAAAAATCAAAAAATAAA	0.925247073
ATATAAATAAAAAAAAAAAATACAAAAAAA	0.971205175
ATACCGGAGCAATACAAGTTTCCAGAAGGG	0.0173761863
AGAATAGAAAGAACCTCATAAAATTAACCA	0.70885247
AAAAAATAAAAAAAANAATAGAGACAAAAA	0.988248348
GGATAGAAAGAGACACAGACAATAATTGCA	0.364056975
AAAAAAAGAAAAAAAAACCAAAAAAAAAAA	0.98058629
AAAAAATAAAAAAAAAAAAAACAGAAAAAA	0.97971344
AAAATAAAAATCATAAACAATAAAAAATAT	0.934570312
GNAAAAAANACAAACGCANAAAAAAGAAAG	0.967265129
GAACCTCACCCAAATACAGACTAAGGGCGA	0.0423593745
TAGCAATATGGTTATACAGCTAAATATTTA	0.0520299599
CAAAAAAAAAAAGAAACATAACAAACTAAA	0.990145326
AACAAAAAAAAAAAAAAAAAAAAGAAAAAG	0.973861456
GAGAAGCCAAAAAAGAAAAAGTACAAAGAG	0.957126617
AGAAAAACAGAGAAAACTCAAAAGATACAC	0.962296724
GTTATCTAAAATCGAGATCATTAGATTCAC	0.00454786001
GATAACGTAAAAAAAAGAGGGTTGAACAAA	0.95991677
CAATATAAAAAGAAAAAACAAACGAAAAAA	0.962055564
ACAACAAAAAAGANAAAAAGAAAAAANAAA	0.982089639
AGAAAAAGACGAAGAACAAACAAAGATGAG	0.940405309
TAAAAGAAGTAAGAGGCATTTGTAGGAACA	0.913891971
ATAACAAAAAGCAGAGAATAAAAAAAAAAA	0.933914006
GGATAAAAGAACAACACCAGGATCTTTACA	0.75419271
CGACGTAAAAGAACTAGTCAAAACGCCAAT	0.299146801
ATAGGCAAAAGGAGAATAAATACACAACAA	0.645194948
ACAAAAACAAACACTATACGTAAAATACAT	0.813256741
AAAAGAANCCAAAACNTAAANTATCNAAAC	0.904312313
CAAGTAAAGAAAAAACAAGAATCAAAACAA	0.974787056
AAANTGAAANAAANAAGAANAAAAAAAAAA	0.909198403
AAAATCAAAACAAATGAAACACTAACAATT	0.814673483
AANTAAGATNATNTAACAGTANNAAANGTG	0.742192745
CAAAAAACAAAAAAAAAAAAAAAAAAACAA	0.985532939
AGTGTGTAAAACAAATAAAAAAGATGAAAG	0.7539289
AAAAAAAAAAAAAAAAAAAAAAAAAAAAAA	0.954449415
AAGAAAAAAAATAAAAAAATAAACACACAA	0.987411559
ACAACTACTATGGTGCTAAGACACACAAAT	0.146988735
AAACAANAAGAAAAAAGNTAGTGCGAAAAN	0.968424022
ATCAAGAAAACNAACTACTAAAGAATAAAT	0.7946136
AAAAAACAAAAAAAAACACGAAATAAAAAA	0.976993978
AAAGTCGCCAAAAATAACAAAACACAAAGA	0.593645573
AAATGGATGATGAAAAAGCCCAAATTGTAA	0.169100836
AAAAAAAAAAAAAAAAAAAATAAAAAAAAA	0.963596106
AGTTAATAAAATGAACAAACGAGTTGATCC	0.645485461
AAAACTAAGATAAATTAAAACATAAACCGG	0.827331305
GCCAACAAGAAGAAGAATAGAGAGGGATCC	0.890933812
AAAAAAAAAAAAAATAAACAATAAAAAAAA	0.979445398
ATCTGTGAATGGACGAAACACCCCACCTAA	0.00973600335
AGAAGAAAGTTGCGATATAATTAAACGTAG	0.621715188
AAAAAATAAAAAAAAAAAAAAAAAAAAAAT	0.975430071
AAAACTGAAAGATAAAAAACCAAATGAATA	0.911061406
AAAAATAAAAGATAAAATAGAAAATAAAAA	0.97589612
AAAACAGAAAAGAAATAAAAAAAAGAAACA	0.968369365
TAAAAAAAAAAAAAAGAAAAAAAGGAACAA	0.99112016
AAATTAAAAAAAAAAAAAAATTAATACAGG	0.989311755
AAAAAAAAACATCACGAAACAAAAAAAAAG	0.93698132
AGAAAGTTACAAAACACAGAACAAATAGTA	0.651699424
GAGAAAAAAAGAAAAAAAAGAAAAAAATAA	0.971956968
CATAAGTATGCACCGAACAGAAAAATCAAA	0.251566231
CAAAAGTAAAATAAATGCAGCAAACTATGG	0.932325423
AAACAAAAACAAGTCATAGATCGAGATTAT	0.833919406
ATATGAGAAGAATAACAATGAACAAAATCC	0.716386259
AAATNTNGATAGAGTGACCCATGANAAAAA	0.215238258
AAAACAAAAAACAAAAATAAAATAAAGACG	0.966686428
TATAAAAAAATTCAAAAAAANAAACAAAAA	0.962062836
ATACAATCGACTACGCAGAAGATACAACAA	0.0975932926
TGCGATATAAAAAAGAAGCCTTATGTCGCG	0.711310446
ANAANAAGATCTATANAGAAAAACTAANAN	0.909802437
ATATGAAAAAAAAAAAGAAAAAAAGAAACA	0.985265553
AAAAAATTTAAAAAAAACAAAAAACCCAAA	0.986347139
TTTAAAACATGGCAAGAAATCAAAATTGAA	0.404489219
AAATAAAACAAACAAAGAAAAATGAAAAAA	0.960470796
ATAAACACCGCTATTAAAGAAGGAAAGAAG	0.397936642
CTTGGAACAAGGGGAGAAGCAGAAACCTCA	0.0282766316
ACAGAAAAACAAAAGCCGAACAAAAGACCA	0.931417763
AAAAAAAAGCAAAAAGTACAAAAAACGGTC	0.972524345
AAAAAAATAACAAAAAAAGAAAAATAAAAA	0.979518235
ACCGAGAAAGAAAATTCAAAAGGACACAAT	0.884825826
GAGTAACAAGTTAACGGTTAACGCCTTACG	0.00537773827
AAAGAACAANANACNGTTNACATNGGGANC	0.922742426
GTACATAANCTNAAGANAACTCCNAAANCA	0.327013731
CAAGAATTAAAATACAATAATAACAACAGA	0.854799211
AGAAAAATAAAAAAAAAAAAAAAAAAAAAA	0.983162642
AGAGAAGACAGAATTANANTATCGAAAATA	0.672455132
CCAAACAAACAAACCAAAAAAAGTTATATA	0.854912281
GCGCTAACGACGCAAACTTGGTGAAAATAC	0.0689284727
GAATATCTCGAAAAACAAAGACACAAAATG	0.539795995
AGAAAAAAAAAAANTAAAAAAAAANAAAAA	0.972718179
CAAAAACATGTTGTATTCTGAAGATGCAAG	0.589581847
ATAAAAAATAATCTCCTAGAACGAACTTGA	0.922246456
AAAAAAAAAAAAACAAAAAAAAATAAAAAA	0.974191844
ACAAATAAGAAACAAATCCAGGAAAATTAG	0.946482062
GAGCTATAAAAAGGCTGCGAGAGGAAAAAA	0.766658306
AAAATAATAACAGTAAAAAAAAAAAAAAAC	0.982704699
GAACAAGAAACGAAAATACCGATGAAACTA	0.897177517
ANTAAAGGATCTANGCNACCAATCAAGGAA	0.185234159
ATAGTAAAATACAACCAAATAGACAAGAGA	0.628928244
AAAAAAAAAAAAATCAAAATNTCAAAAAAA	0.96145463
AAAAGAACGATAGTCGTACACATCAAGAAG	0.718395174
AAAACCAAAAAGATAAAAAAAGAAAAACCA	0.965884447
GAAAAAAAAGAGAAAAAAAACAAAAACAAA	0.982101738
AAAAAAAAAAAAAAAAAAAAAAAACAAACA	0.976207793
AAAAAAAAATAAAAAAAAAGAAAAAAAAAA	0.973684013
AAAAAACAAAAAAAAAAAAAAAAGAGAAAA	0.959500313
ACCGGACGAAGTAAATCCAGTAACAAATAC	0.158344105
AAGAAAAGCTCAAAAAAACATTCCAGATAT	0.928392768
AATTAAGTAAAAAANAAAAAGATGAAAAAA	0.966660261
AAAGAAAAAAAAAAAAAAAAAACAAAAAAA	0.958539844
AAAAGAACAAAAGAAAGAAAAATATGAGCA	0.97118789
ACAAAACCATAGATAAATGAGACCAAAATC	0.618012726
AGTNNACCGGAGANACAAATATTCAGACNT	0.0427742004
AAAAAAAAAGAAAAAAAAAAATAAATAAAA	0.972397983
AATAAGAAAAACAGAAAAAAAAAACAAAAG	0.970640957
AACGCAAGAATAAAAAAAAAAAAAAATACA	0.958716273
AAGAAAAAAAAAAAAAAACACCAATAGAAA	0.981227279
TAAACTCGATTCTGAATAAAAAAGAAAACA	0.482732624
TTCTAAACCGAGGAGGAATGAGCAATTCCA	0.00644893618
TAACATATCGGTGCGAAAAAAAATGACTAA	0.569223166
GATAAAGACAGAATAAACAAGGAAGATGAC	0.843506098
AACTAAAAAGAGGAAAAGCAAATAAATGAA	0.970784128
ATCAAACTAAACAAACAAAAGAAAAAATAA	0.86942178
AAAAATGTAAACAAAAAAAAAAAAAAAAAA	0.979017317
CAAGATCATATGCTGATCACTGCGTCGCGA	0.000115661089
GAGATAAAAAAAACGAACTAAAGCGGCTTG	0.936618984
AATAAATATAATAATAGTACCAGAATCAAC	0.715696514
ACAAAAATAATCAGCAAAGAAAGAAAAAAG	0.971680582
AACAAAAGAAAAAATAACTATAAACAAAAA	0.989093781
AGGTAAAAGAAAAAAAAACAAAAACAAAAA	0.978268445
AAGACAAATAAGCTAACATAGAATAACAAA	0.785030901
AAGAAACAATAAAAAGAAGAAANATAAAAG	0.954757988
AAAAAAAAAAAAAAGGAAAAAAATAACAAA	0.984126508
AATTAAATTACAAGAGAAGGAACACAGAAA	0.433098644
CACCCAACCATGAAAATAGGTACGTACGGC	0.118907228
TAAAAAAAAAAAAAGAAAACAAAGATAAAA	0.98929745
AAGTAATTATCAAGGACAATACACCTGCTG	0.0765448362
AGAAGCNAAATCANACGAAAAAAAATNNAA	0.801343024
CGGNACACNAACGAAAATAGAAGAGTAACC	0.49630025
AATAAAACATAAAAAAAACAAAGAAAAACA	0.972684503
AAAAACAAAAAAATAAAAAAAAAAAAAAAA	0.981254697
AAAAAAAAAAAAAAAAAAAAAAAACAAAAA	0.964612186
AAAAAAAAAANAAAAAAAGAAAAAAAAAAC	0.968035698
AAACTTAATAAAAAATTATCAAATATAAAA	0.859833598
AAAAAAAAACAGAAAAAAAAAGAAAAAACA	0.977270424
AAAGGACAAAAAAAAAAAAAACAATAAAAA	0.96147567
ATTCACAACAAGTCAAAACCAACCCCACAA	0.0979100987
TGAAACAAGAGAAGAAAACAAGAGAATAAA	0.949503601
CTTCNAAAGACAATTGNAANAAGNCACNAA	0.602239132
AAAAAAAAAAAAAATAAAAAAAAAAAAAAA	0.979859531
TTATAAGGAAACTAACTGTCGCACGTGAAT	0.132149071
TCTATNCAAAATAAAGAACTGAGCTAGTCA	0.624931991
AAAAAAGAAAAAAAAAAGAAAAAAAAAAAA	0.977649808
AGACTAATAAAAATAAAAAACAAAAAAGAA	0.922709346
TATATCAAATCAATAAGGAAATCAAAAAAG	0.401430726
AAAAAAAAAAAATAAAAAAAAAAAAAAAAA	0.983855188
TCAAATATATAAGCCAAAAAAAAAAAAATA	0.923558474
TGACAGAACATAACAAAGAACAAAAAAAAA	0.72887367
TAAGAAAGATAAACAACACTAACAACGATA	0.837307751
GAAAAAAAAAAAAAGAAAAAAAAAAAATGA	0.983380318
TATCACAGTAAAAGACTAACAATATATAAA	0.256955355
AAAAAAAAAACACAAAANAGANAAAAAATA	0.968623877
ACACAGCAGAACATCTTGGCACATTCCCAA	0.0109612523
CTAACGCAGAAAGGTAAAAAAATGAGTCAG	0.856922686
GAATACTATAGAAGGGGCAAACAGCAAACA	0.0696156621
AAAAAAAAATCAAGAAACAAAAAAATAAAA	0.950475872
AAAAANAAAAAAAAANGAAANTAAACAAAA	0.967772245
GCAAAAATATGAGATAAACGGAGAAAGCGT	0.946722746
AAAAAAAAAAAAAATAAAGAAAACAAAAAA	0.978907645
ATGTACATAACATACAACCAACAGCACACA	0.0697753802
AGCAAAGAAAGAGATAAAACAAAACACGAT	0.977128625
TCTAAAAAAAAAAAAAAACAAACGAAAAAA	0.988891602
AAATACGAGGACGTCATTGCTCTGGGACAG	1.3605837e-05
AATGCAGTCAATAACCAACAGCAAAAATAA	0.228410676
AAACAAAAAAAAGTAAAAAACAAAAGAAAA	0.970894933
AAAATGGAAATAAAAACAGAAAAAAAAAAA	0.942716181
AGCAGAACACGATCAGAAAAACAAAAAGAT	0.547261119
AAAAAAACAAAGAAAGAATAAAAAAAGAGG	0.951889277
AAAAAAACANAAAAAANAANAAAAAAAAAA	0.954549551
AAAAACAAGAAAGGAAAAAAAAANANAGAA	0.970724285
CAAAAGAAAAAAACTAAAAAGCATCCTAAG	0.967690825
ACATAAAAAAAAAAAAAAAAAAAAAGAAAA	0.97750628
AAAAAAAAAACAAAAAAAAAAAAATAAAAA	0.968343318
TGAAATAATAATAAATATAAACTAGGATAT	0.842659354
AGCCGGAGCTCCAAGATCGAGACAACACGA	0.00779978698
AGTAGGACAAAACTAGAAGCGTCCCTCACT	0.333481997
AAATAAAATAAAAAACAACAATCAAAGAAA	0.976447761
AAAAAAAAAAAAAAAACAAAGAACCTAAGA	0.973492444
GTAGAATAAGGATATTAGACAAGCTTACGT	0.189863935
AAAAAAAAAAGAAGAAAAAAAAAAAANAAN	0.94115442
GCAAACACAAAAAAAAAAAAAGACTACACC	0.977324963
GAATAAATGAAGAAGCAACAATCCCCAACC	0.82706219
GGAAAAGAAACAAAAATGAATGAAAAAAAA	0.96230799
ACAAAAAACAAGAAAAAAAAAAAAAAAAAA	0.992485881
AGAAAAAAAAAATAACAAAAANTAATAAAA	0.983191311
GTNCNATGACACTAGGAACGTNACAAANAN	0.102558769
TGCAGAATTTAATACAAAAAAAACAGTACA	0.753991961
AAACATCAAACAAAAAAAAAGAAAATAANN	0.921072185
ATCCACGCAAAAACGACAACAAAAAACCAA	0.321723849
GACNTAAANATACCCCTATGGANANTANAT	0.45477742
AACAAAAAAGAAGAAATATANATCAGANGA	0.970214307
AAAAAAAAAAAAAGTTAAAAATAAAACAAA	0.979988098
AAAAANAAATAAAAAAAAAAAAAANAAAAA	0.961209476
TAATGAATCGCATGAAAAAACGAAAAAAAT	0.60238415
ATCCGAAAAATCACCTAACAAAAAAAAACA	0.724717796
NAATAGCAGAAACAGNNAAGANAGAAACTA	0.79362458
TAACAGTGTCATAAATNAAAGCACTAAATN	0.164483815
ACGGNCAGAGACAACTATAAAGGCCATAAT	0.010338407
AGAACAAACAAANNAACAAATAATNAAAAN	0.919969618
AATTACTTGCCTAGGCAAAGAAAAGGACCA	0.206279188
AAAAAAGAACCAGAAATAANATNATAACAG	0.965003252
ATANGAGAAAAAAAANAAAAAAATAAAAAA	0.978926957
ATTATAGATAAAAACCGAGACCGTAATATG	0.446308434
AACATACTGATCAGAGCTAACCACAAAAAA	0.141595066
AAAAAAAAAGGAAAGAAAAAAAACAAAAAA	0.955176234
TAGCGCGCGGCTCATGTGACTAGACGATTG	0.000467587583
AGAAGCTTAATTAAACAGTCTTATAGCAAA	0.0432203896
ACAGAGAAACAGAAAAACAAAACACATAAG	0.939954638
TTAAAACCAACCGAGTAAGAAAAGCAAATG	0.364516497
CTAAAATCATAAAAAAAAATGAGACGCTAA	0.929309905
AAAAAAAAACAAAAGGAACGATACAAAAAG	0.959533095
GAACGNTAAAAAAAAGNGGACAAAAACAAA	0.970857978
GATGGAAAATTAACAAACCAAGAAAACTAC	0.573857129
TCATAGGATCCAAACAACGCCAAAGAGTAT	0.136023387
GAAGGCCTCATTTAGCGGTGACACAAAAAC	0.0726603344
AACTTATTTAAAACCTAAGGAACAAAACTT	0.240721285
AAAAAGAAAACAAAACAAAAAAAAATAAGA	0.971373856
TTTAAACACACCAAAAGCGCAGAACTCAGA	0.0881238878
ACATAAAAACGACAAAACAAACCAAAAAAG	0.886006415
GAAAGTAAGTAATAAAAATTAGAAAATTCG	0.897891521
AAAGTAAAAATAAGAAAAAAAAAAGCAAAA	0.982426882
TCGGAAAACTNNCAAAAAAANAGANAAATN	0.912211359
TAAAAAAAAAAATAAAAAAAAAAAAAAAAA	0.993102908
AAANANAAAAGTAAAAAAAAACCCAAAAAT	0.964437962
ATTAAAATAAGTAAATCATANGANGATGGA	0.792170286
ACGAAGAGAATAATATATATCAAGTTAACT	0.6437639
AAGAAAACTAGAAAGACATTACAACATTAA	0.882268965
AAAGGCAAAAGAGAAAAAAATAGTATCAAA	0.965096354
AGTATATGAGCAAACCAAATGCCGATTCGG	0.0874559507
CCAACTAAATGAAATCTAGTAAAAATACCC	0.557253122
CTAAACACTATAATCAAATCCCTGTATGAC	0.0281970594
ACACAATTAGGTAGAAAAGAGAAACGATCC	0.648946643
TTCTGTATCTCGAACGAACACACTGGAAGT	0.0362558998
ACACTGATATAGATAAGTAAAACAAAAAAA	0.353933513
AACACGACCGAAAAAATCGCGTCNAANAAN	0.877412558
TGTAAAAAAAGATCATCAAGAAAAAAGATA	0.942762792
CGGTCCATACTAGAAATAAGGATCTGGAAG	0.0808206648
GATGAAAGACCAAATGCGTAAAACTTAAAC	0.155696914
NCACNAATCGGANAAGAGAGAANAAAAGGT	0.807658672
AATAGCAATAAGATACAATCTACAGTAACT	0.36150986
TGACCATTACACAAACATAATAGAATACAA	0.114266783
TAAATATAAAAACAAAAAAAAAAAAACGAA	0.954557896
GCCAAAAAAAGATGTAAAACAGCCTGAAGA	0.965443015
AAACACCGAAATAGGACAATAAAAAAAAAA	0.708142042
AAAAAAAAAAAAAAAATAAGAACGAAAAAA	0.985873103
TNAAAAGATTGAAGTTNATTTTTACNAAAC	0.796266437
AAAAGAAAAAAAAAAAAAAAAAAATAAAAA	0.963656962
AAAAAAAAAAAAAAAGAAAAAAAAAAAAAA	0.977665544
AAAAAAGAAAAAAAAAAAAAAAAAAACAAA	0.970868647
AAAAAGCACATAAAAAAGAAAAAAAGAAAA	0.964758813
AAAGAAAAAAAAAAAAAAAAAAAAAAAAAA	0.956489265
TTTAAAAAATAAAGTATCGTTAGCGAGACG	0.84733063
AAAAACAAAAAAAAAAAAATACAAAAAAAA	0.95756954
AAGTAGTAAAAACAAAAATACAAATTTAAA	0.838178873
AGAAACACAAAAAATACAAAACTAACAAAA	0.928948879
AAATGGAAAAAAACAGAACAGGATCTCAAG	0.945611
AAAAAGAAGAAAAAAAAATCCAAAAAAAAA	0.967331529
AAAAAAAAAAAAAAAAGAAAAAAAAAAAAA	0.967451096
CTAGAAAAAATAAACATAAAAAACATAGCG	0.977230012
AAAGAAAAAAAAAAAAAATAAATAAGAACG	0.984062552
AAAGAACGACCAGACAAATAAAAATTAAAA	0.695597053
TGGATCTAAGCAGATGTACACGGCCAAAAG	0.00363921677
GAAGTAGTTAGGAACCGGATAGGAGTAAAA	0.0172323734
AGAAAAGAAGCAAAATTCAAAAAATTGCAG	0.952173531
TAATCACGAATTAAACACAAAAGATAACGA	0.262504786
ANTCANGGCNTNCTTNTTCGGAACTGGTCN	2.79175509e-07
GAAATAAATATAAAGGAAGTATATGAATAC	0.885296822
TATCCAGAAACCAAGCGAAGAATAAGCTAA	0.190003753
CCAAGTCGCCTAACAATGCAAAGAACGACA	0.0360018611
CAGTGAACGAACGAAAAAAGAAAGAAGACG	0.87296766
TGTATAATAAGATCAAGAGTTTGAAGAAAA	0.302120954
AAAAGGGAAACAGTCAACAAAACACAAATA	0.586351335
AAAATAAAAATAGAAAAAAGGATAAAAAAA	0.965514481
CACTGCATAGTAAACAAGCCATACCCAGAT	0.212529212
TAAAAAAAAATAACAAAACAAAAAAAAAAA	0.981079102
GAAAAAACAGAATAAAAAAAAAGAAAAACA	0.993665755
AAAAGAAAAACGAAACGTAAAAAAAAAAAA	0.953474998
AATAAAAAAAATAAAGAAACAAAAAAAATA	0.987413764
TTTAGTACATTTAATATTAGCGTAGGTCTT	0.00539630698
TAACCTTTAGAACATCGGATGCTGCCTAAT	0.0183921233
TGCCAGACCAACCATAACCGGAGAATATCT	0.016067639
TATGCAACAAAAAAAACGACAAAGAAAGAC	0.90293467
CANTTAACNGTACATAGTTGANAATTNAAA	0.0709178224
AACAAAAGNAAAAAAACAATACATNAGANN	0.983572662
AAAAGTAAACAAAAAAAAAAAAATAATTAA	0.967707038
GTTAGGGGAAAGAAAAGTTAAGACTGCCGG	0.630979717
AACATTAACGATAAAAAAGTTCGAACCTTT	0.830951869
NAANGAGNTTTNATCGANGGTAAAGCGATG	0.163703501
AAAAAAAAAAAACTAAAAAAAAAAAAAAAA	0.977701426
AAAATGACAGACCAGTGAAAAGGGAACGAA	0.180213019
ACCTAATAAGAGTAAACTTGGCGTTGGCAA	0.20251362
AAACAAACAAAGAACAAAACAGAAATCACA	0.933062434
GACACGAGTAACTTGCCGGAACGACAAGTA	0.00821032282
TCGCAAAAAGATGCAGATCGACCATAGAAC	0.686757028
AACCAACCTGCCCACATTAGAATGCATAAC	0.00551059889
AAATAAAAAAACAACAAATAAAAAAAGAAA	0.968561232
AAAAGAAAAAACAACAAAGAACAAAAAACA	0.974254191
ANAAAAAAAAAAAGAAACAAAATAAAAAAA	0.969164133
AAAAGAATAAAAAAAAAAATACAAAAAAAA	0.963384867
GAAACAAGTANAGNTAGAANAAANAATAGA	0.919983983
AAAGAAAAAAAAGAAAAAAAAATAAAAAAA	0.980186999
AAGGTTGAAAAAAAACCCAAAAAATAGGAA	0.931944966
ACCTACGGCTAGCACAAATACAACGAAGGA	0.0185417384
GCACTAACCGTAAACGAAAACCATATCCAA	0.102010667
AACAAAAAAGAAACAAAAGACAAAAAAAAT	0.968356848
GACAAAAATAAAATAAACAAAAAAAAAAAA	0.987437546
AAAAAAAAAAAAAATACAAAAGACAAACAA	0.986599326
CACAATAAATGAAGAAACAACGCGATCTCA	0.896767318
AAGAAAAAAAAAAAAAAACAAAACAAAAAA	0.969446063
AAAAATAAAAGAAAACAAAAAATGAAAAAA	0.976472437
ACAACACTCTTACGAAAAACAAACACTAAG	0.316071987
GCAAAACAAATAAAGAAAAGGAAAGATAGC	0.967895746
AAGAAAAAATAAAAAAGAATAACAAAAAAA	0.968318164
AAAAAAAACAAAGAAAAATAAAAAAGACAA	0.964082599
CAAGTAACAGGCATAATAAGAATAACGGAA	0.406320065
TATTACACTGAAATAACTTATATTAATGGC	0.0742866844
GAAAAAGTCAATTACCAAAACATACGTGCT	0.526155949
AATAAACAATGGTAAAAAGAACAAAAAAGT	0.898209631
CAATAAAAAAAAAATAAAAAAAAAAAAAAA	0.989008605
AACAACTAAAAAGTAGGAGTGGAGTTACAT	0.00199419446
AAATAAAAAATATCTAAGAAATAAGAAAGA	0.966508567
AAGAAACCAATTTACAGAAAAAACACCACA	0.761235237
CAAAAAAAAGCAAAATATAGAAAGAAGAGT	0.990742266
AAAGGNGGAAATAAAAGTCTACCANACAGC	0.715430439
AAGAAAAGAAACAAAGAGAAAAAAAAAAAA	0.974592626
GACCATATATTCTGGTCTTCACATAGAATG	0.00385385333
AGTACACAAAAATGACGTAAATATACAAAA	0.543441951
TAACAGGAAATAACAGAAATCGAAGTAAGA	0.80112493
AAAGAGTCGAATTATTCAAAAGACACAAAA	0.412781358
AAAAAAAATAGAAGAAATAAAAGAAAAAAA	0.978039861
CTACGGCTCGTGACAAAATCTAGGGAACCG	0.0424033441
CATAGTTAGCAACACACAAAAAAAGTAACG	0.333243698
AAATGAGATCAAGAAAAAAAGAACAAACCT	0.936033607
AGAAACACAAAAAAAAAACCCACTACCAAA	0.960370958
AATNNAATATAACCANATGNNNACCAAGAN	0.430796921
CTAAAAAAAACAAAAAGAAAAAAAGAACAA	0.978232741
AATTCAGCCTCAAATCACCATATCGGGTGC	0.0113024572
GACAGAAAATGGGGGAACCAATTAGTAAAT	0.582562923
GAACAAAAAAAATAGATAGGATATAATGAA	0.986914217
TAGGAAACAAACAATCATTCCACTACTGAC	0.673069119
AAAAAAAAATGAAAAAAAAAATAAAATAAA	0.986931264
AACAATGTGAAGGAAAAACCTAAAAAGTTC	0.764996886
CAATAGGCATGAAATTGTCGTAAACTGTAA	0.0209122673
AAAACTGCACAAAAAATAATACAACCAAAG	0.721696436
AAAAAAAATTGATAAGGCATAGATAAAAAA	0.950618684
GTACGGCAAATAATACAATAACATAAAGCG	0.271525055
GCAAGANATANTNTGTAAATCAACAAGCTG	0.359169036
NNCNCCNAACTNGTACCATGAANAAAAATC	0.227246642
AAAAACTAAAAAAATCATACATTAGAAAAA	0.969129741
TGTACTAAACGCAAATAAGGTCAGGAAAGT	0.0761617795
GAAAAAAAAAAAAAGAAAAGACAGATAAAG	0.982420564
AAGTAAATAGGAAATACAAAAAGAAGTTAA	0.882175267
AAAACACTNAGAAAAAAAAAATAATAAAAA	0.9839589
AAACCATAGGAGCATGAAGATATGCACTGT	0.08209759
CGCCTCAATCACAATCAATACCAATCAACC	0.0198080931
GAGGANAANTAANTAAACGCTANCCAGAAT	0.779460073
AAAAAATCNAACGNAAGAAAGAAACAGANC	0.947611868
AAAGAGGAAAAAAGGAAAATAATAAGAATC	0.964106202
AAGAACAAAAAAANAAAAAAAAAAAAAACA	0.960299611
AAATTCCAGTAGGCGAACTCATACATCACC	0.000716624607
AAAAAAAAAATATAAAAAAAAAAAAGATAA	0.9815377
ATGGGAGACTCACAGCCCGTAGCGAAACAC	0.000549217861
ATCTTGAAGAAAAATAAAACGTAAAACAAA	0.919012249
GAACAAAAAAAAAGACCAAAAAAAAATAAT	0.970963717
ACGGAAAACAAAAAGTAGGGCCGCTTTACA	0.871034086
AAATAGTGAACAATATAAATAAGTATGAAA	0.485896975
TTAAAAGGAAACAATTTAAAACGCAAAAGC	0.832423806
GANATNAACACAAGAGTACTAAAANGAGGT	0.346999347
CGCAGCTAAACAAAAAAGAATAATAAAAGC	0.853147507
AGTAACTAGAAAACAAAGAAGAATAGAAAG	0.87740016
CACAAAAAATAAAAAAAGACACAAACGAAT	0.975963712
AAANAAAACAAAAAAAAAAAAAAAAANAAA	0.945285261
TATTCCTTGTGTCAACAAGCCGAGCACAAG	0.00402674079
GAGATCAAGACTTAAGACTGTAAGTTACAT	0.00144425232
AAAACAAAAAATAAAAAGAAAAAAAATAAT	0.980290353
CNNGACTNAACAAAAGTTAAAGAAAGAAAC	0.713357568
AAAAACAAAGATGAACGATAAAAAGAATTT	0.941703796
ANATAAAAAAAAAAAACGAAAACAAAAAAA	0.960628629
AGAAAAAAAAAAAACGAAAGACATAGCAAA	0.979378641
ACCCTAGAGATCCAACTAGTCAACGAACTA	0.0152532337
AAAATAAAAAAAAAAAAAAAAAGAAAGAAA	0.973376036
AAAAAAAAATTCTAAAAAAAAAAAAAAAAA	0.990906239
AAAAGTAAAAATTGAAAAAGAAANAAAAAA	0.951713324
AAATACATGTAAAATGGTAATTCAGAATAG	0.234392151
AAAAAAAAAAAAAAAAAAAAAAAAAAAAAA	0.954449415
ATACGAAAGAGTAGAAATCACATGCGAAAA	0.184295014
AAAAAAAAGAAAAAAGAAAGACCAAAAAAA	0.957124889
AAGAAAAAAACAAAAAAGAAAAATAAAAAA	0.971896052
AGAGACAAAAAAATTTCACACACAAATATC	0.850785136
ACGTTAAAATTAAAAGAGACAAAAGATAAA	0.843010843
CATATCTGCAATAAACAATATCCAGTTTAA	0.207274362
AAAAAAAAAAACAAAACCAACAAAATAACC	0.967220426
AAAAAAAAAAAAAAAAAACGGAAAAAAAAA	0.976230502
ATNAGATANGAAAAACAAANANAAAAAAAA	0.921938121
CAGAGAACAAACTCTAAAAAAAAAAAAAAA	0.830244362
ATGCCAAACCGTGCCTCGAGAACCTATAAT	0.000166850732
AGAAAAAAAAAAAAAAAAAAAAAAAAAAAA	0.952186167
AAACACTAACGAATACAGCGTTCATGAACC	0.117479429
TTATGAAGATAAAAAAAAAAAAATGAAAGT	0.960862041
AGAGTAAAAAGCCTCAAGCAAATTATCGAA	0.108524106
GTGGACACAATGTAAACAAGAATACCAAGA	0.195133373
AAAAAAAAAGGAACAAAAAAGAAAGAACAA	0.945817411
AGCATAAAAGACGGGTAAAGACAAAAAATG	0.855386615
AGCAAAGGGTGAAAACTATACCTATAACTG	0.138908356
GACTAATATAGAAAGGCGTAGGCAGCCGGC	0.100250386
TAAAAATANAAAAAGCAGGCCGCATGAAAA	0.978375733
TGAAACAAACCAGGAGTGAAAGATGAGTAG	0.635715246
GAAACATAGAAAAAGAAAAAAGAAAAAAAC	0.981312633
AATCCGGAAAAAACAGAAGAAAAAACACGA	0.908535302
CAAACACCCTATTAATAAAGATTAGAATTA	0.307260871
CGGGTAAAAAACTGCGTTAAGAAACAGAAG	0.685331464
GAAGACCACAGGACAAAATTAAACAAGAAT	0.429693818
ANAAAAAATANAAAAAAGAACAAAAACAAA	0.977397501
AAAAAATAAAAAAAAAAAAAAAAACAAAAA	0.974803686
AAAATGCCTAAGACGTGCACATTATATGGA	0.0137786949
GACTAGACTGCGGACAGTCAACATAACAAA	0.0919175893
AAATNAATGAACTNGAAANAAATAANAACA	0.892424285
AATAAAAACTAAACAATAAAAAAAGAAAAA	0.951780319
ATGAGATACACAAAAACAAGCAGAAAGAGA	0.676671207
ATTCTACGAGAGGACGTCAACTCAATAGAT	0.0113126496
AAAACCCAGAAGCTANAAAANCTANTTGTA	0.484556645
ATCTAACGTGGAATTTGCAAAGGTAGAACT	0.000740751566
AAGCTCATACCAAATAAAGTTAACAAACCG	0.254565656
AAAATGAAGTTCAAAAAACCACAGACAACA	0.740302563
ATANNNACAAACGTNTCGGACNCTAANANG	0.149139002
AAAAAAAAAAAAAAAAAAGAAAAAAAAAAA	0.966377735
AAAAAGCAATACTAAATAAAAAAAAAAACA	0.954918027
AATAGCGCTTATTAGGACCGTATTCAAAAG	0.00208999403
AAAAAAAAAAAGAAAAAAAAAAAAATTAAA	0.972585559
AAAAAAAAAAAAAAAAGAAAAAAAAAAAAA	0.967451096
CAAAAAAACGAAACCAACCCAAAGAAGAAA	0.972488701
TAATAAAAGATAAAATCAAGAAACGACACA	0.936888278
GAAAATTAAATACAAAAAAANAAAAAAAAA	0.969127059
TAACATTAAACCGTACGCAAGACTACAGTA	0.0118299043
AAAAAAAAAAAAGATAAAAAAAAAACAGAT	0.983014941
ATAAATAAAAAAAATGAACCCGATAAGGAG	0.962079942
CAGAGACAACAAACAAATAGAAACAAATGC	0.707828045
TGCAAAGAAAAAGATAGTAGATAATAAGCG	0.976100445
AGAAAAAAAAAAAAAAAAAAAATATAAAAA	0.971137583
ATGTTTGAAGTTATTATACAAAAGGTACGA	0.0649079829
CAAAAAATAAAAAAAACAAAAACAAAAAAA	0.990360856
AAAAAAAAGAAACAAACGAACTACAGAAAA	0.970382035
ATAACGTCAGCCAAATTCTGGCATTAAGTT	0.000141171535
CTAACAAACTAAGAAACAAAAAGACAAATA	0.907429039
AAAAAAAAAAGAAAAAACCAAGAAAAAAAA	0.960184634
GTGATAACATATGTGAACCAAGACCAAAGA	0.0978902429
AGCATAAAACAAAAAAAAAAAACAAAAACA	0.954203248
AAAAAAAAAAAAAAAAAAAAAAAAAACATA	0.966697812
AACACAACAATGGACATCTTGACATAAAAG	0.429111332
AAAAAACAAAATATAACAAAATAAAAAACT	0.974275649
GATCTTTAGTATGCGAAACTTGTTATTAGT	3.17036538e-05
GTAGCTGTCTCGAAATCCCGTACGTAGGCT	8.81985471e-08
AAAAAATGCATACACAAAAGAAAAAAACAC	0.90575254
AGATGATATGCTGAACGAAAAAACAATAAA	0.445455611
GCCCTCGAGAACAGACACAGATTAAAAATA	0.155512944
AGGGCATGATAATAAAAAAGAAAAAATAAA	0.84825623
GATTAAATCGAGCAAAGAAAAAAAAAGAAA	0.854123235
GTTTTGAAATGATTCTGCAAGTTAAAACCG	0.00968088955
AAGCCCGACACAGGAGCAGAGGAACTAAAA	0.00964666344
AAATAATATCAAAAGAACATAAAACATAAA	0.826090276
TGAAGAAAAATGATAAACATAAGAAAGAAT	0.974034846
TAATAAGAAGGATAACTAACTAAGTGTAGT	0.554168463
AAAAAAATATAACGAAAAAAAAAAAAAAAA	0.98840034
AAAAAAAAATAAAAAAAAAAAAAAAAATCA	0.973396242
GTAGTAACAAGTAANCTGNGAAGACTTGGA	0.00413190154
TAAAAACAGAAAAAAGAACAAAAAAAAAAA	0.986870348
GATGAAGAGAAATAGCAGTTATAAACCAGA	0.548349142
TAACATTGAAAGCAGCAAAAATCGTAGAGA	0.087822713
AGAATAAAAATAATAAAAAAAAAAAAAAAA	0.984754682
CTGAAAGAGANCAGCGAATAAAGACNTAAN	0.644887269
AAAAAAAATATCAAGAAAATGATGAAACAA	0.975019634
AAACAAAAAAAAGAATGAAATAANANANAC	0.976894855
CAAATAAAAAAAAAGAGAACATCATCAACA	0.986720443
TAGCCCTAAAGAAAGACCCCTCTCATATCA	0.270909578
AAATAAAAAAAAAAAAAAAAAAAAATAAAA	0.949486852
AAAGTGAAAAAGAAAACCTATAAAAATGCT	0.977732778
CGAGACAATCATAATTAAGTTAAAAATCAG	0.36626035
AAAAAATAAAAAAAAAAAATAAAAATAAAA	0.9697299
AAAAAAAAAAAAAAAAAAACAAAAAAAAAA	0.962981641
TAAAAAAAGATAAAAGAAAAAAAAGAACAG	0.990662396
AAANTAAAAAAAGAACAAAACAAAAATAAA	0.962316275
ACAGAACAACGGGTAAATCCACCACATCGC	0.115756668
ATAGAATAAACATATAAAATCTTTAAAAAA	0.774382949
ACCAACTAACACAAAGAAGCAAATAAGTAA	0.5262025
TAACGTCCGGTGCGAATACTAAGAAGCGAC	0.000189665705
AAAAAAAATACAAAAAAAAAAAAAAGAAAA	0.992652416
AAAGAAACGATATGTAGAGATAAGAGAAAA	0.924774289
ACATCGGTAAGGAAGACAAGAAAACAAGCA	0.553114593
CGAATAACAATAAAAGTAACTCAAAGAAAT	0.855993271
ANNNACAGCGGAACAAAANAAAAAAAAANA	0.87244159
ATTTGATTCAGGTCGTGAAACTGAGTCAAG	0.00592829799
AAAAAAGAAAAAAAGAAAAAGAACAAATAA	0.979550838
ACGCCGCTCCAGAGATCCGAGTTTAATAGA	0.00336442119
TCCAGANAGAAAAACGAACNAAAAAAAAAT	0.87180829
CGNNCGACATATTAGTACGTAACATACTCT	0.0053750556
CCAAGAAATAAAAACAAAGAAAAAAAAAAA	0.981792986
ATAAAAAGAAAAAACAAAAAAAAAAACGAA	0.984808207
ANNAAAAAAAAACAAGAAAAAAAAGAAAAA	0.975275397
AGAAGCATAGTTAGTGCAATCTAAAAGATA	0.185445517
AAAAAAAAAAAAAGTAAAATCTTAAACAAA	0.985050797
AAAAAAAAAAAAAAAAAAAAAAAAAAATAA	0.95447135
AAAAAAAAGAGATAAAAAAAAAAAAAAAAA	0.988021493
AAAGCAAAAAAAAAATAAAAAAATAAAATA	0.961533785
GGACAGACAGGATCTATTCACAGAACAACT	0.0310192518
AATAAAAACTTAAATACAGAAGAAAAAAAC	0.915114522
CAAAAATGTAAAAGCGAAGAAAAGATCANA	0.923940957
TAAATAAAGAAAACTACACGCAAACATCTT	0.872282743
AAAATAACAACGGTTTCGATTAGTACGACT	0.773915589
TAAAAGGAAAACAAAGAAAACACAAAAAAA	0.918911397
TAAACATAGACATATTGCTCGACAGGGATA	0.0305066779
CAAAAAACAGAAAACTAAAAAAAAAAAAAA	0.993383944
NATACACANAAAGANATGNANANAGCCCAC	0.606821358
AACAAAAAAAAANAAACAAAAAAANANATA	0.964892864
CTGAATAAACACGTNAAGATGNATAAANAG	0.564740956
CGNGAANANAACNNATACAAATGGAGTNAT	0.771637857
AAAATAAAAAACCAAACAATAACATAAATA	0.95408541
CCGATAAAACAGTAACCCAAACAGCACAAG	0.52617842
GAACCTTGAAACAAATGAAGAGCCACTCGG	0.199277014
CAAAAAAAAAAAAAAAAAAACAAAATAAAA	0.981297493
ATAAATAAAAACAAAAAAAAAAAAGAAAAT	0.97399658
AAACAATACAAAAAAAAAAAAAAGAAAAAG	0.973105371
TAAAAAACAAAACCAAAAAATCAAAAAAAA	0.919736326
AACCAATCAAAAACAAGAAGGAAAGAATCA	0.802832007
GAAACAGAAAAGGATAGTTCGTAGCGTAAA	0.824598849
GCGAGTAAAAAAAGTAACAACAACAAAACT	0.926270664
AAAAAAAAAAACTAAACAAAAAAAAAAAAC	0.97650367
ATTAAAATACGAGATCCACCAAAAAAAACG	0.671875
ATAGGTAAAACACCAACAAATAATTAATAT	0.306693494
GGAACCAGTGCAGAGCGATAATAAGAGCTG	0.02446362
AGAACCAAAGATACAAGATAGAAGGAATAT	0.563634455
CGAACATATAACGACATTACAAACTACAAA	0.268961042
AAAAAAAAAAAAAAAAAAAAAAAAAATAAA	0.95387578
GGATTTGAGCAAAGCATCAGGAATTATACC	0.0339743048
TAGCAGAAAAAAAATTTTAAAAGTAAAACA	0.967295468
ATAAAAAATAAAAAAAACAAAAAAAAAAAA	0.984383285
CCACCATTCAATAGAAGGACATCTATGGAT	0.0423553251
TAATAAAAAAGAAAAACAAAAGTACAAAAA	0.980425954
NTACNAATATAGATAAACCNANAGNCACGT	0.297186196
AAAAAATCGAACAAAACAAAGGGGCAAAAT	0.971442282
ACCAAAACCTAAATCTCCGAAAAAAATCAA	0.523216069
AAGAGAACAAAAAAAAACCAAAAAAAGAGA	0.947195232
CAAAAGAATACAACTAGATAATTCGTCACT	0.897219241
AAANGAAAAACAAAANAAGAANAAAAAAAA	0.938916564
AGTAAGAAGGAATGAAACACCGGAAATGAC	0.662325919
ATTAAAAATGAACTAAACAACAGAAAAAAA	0.899579465
AAAAAAAAGATAAAAAAGGAAAAAAAAAAA	0.988799632
GCGAGNNAANANNGNAGNGAACCCCTANAN	0.482431859
AAAGAAAAAAGTCAAACAAAGAAAAAAAAA	0.962145925
AACTCCGTGACAGGTTAGATTCGAGAGAGT	7.5659982e-06
CNATNAAAAAGATAAGGAAAAANCAAGAAT	0.957347691
TGAAAAAAAAAAAAAAAAAAACAAAAAAAA	0.979636967
CCATGGATGACTCATAAATCCGACACAGGA	0.0153291598
TAAAACACAATAAACAGACAAGCACTAAAA	0.701805592
AGATCGTCAAATAAGGACACATACGTATGA	0.105194129
TAGATCACATACGGTCACAGGATTGAAATA	0.0120302541
AAAAAAAAAAAGACGCACAAAGCAAGAAAA	0.957341492
GTAAAACCGAACCTAGAGGGGAGATAAAAA	0.509914339
AANANACANCCANGGCATNACTAAGCAGAC	0.752010524
TAGGAAAATCTATATAAGACAAAGCAAAAA	0.766422153
TACACATCCACAAAGAGAAAGTTCTACGAA	0.0614863634
AATAAAAAGAAAAAAATAAAAGACAAATAG	0.983886778
AAATTGGCGGAAAACTAAATTATTTCGCTA	0.167338952
AATAATAAAATCAAAAATAAAAACAGAAAA	0.925077856
AAAANAAAAAATAAAANNAAAAAAAAATAA	0.972429872
CAGCCCATGGCGAAAGTAAAGGACGCAAAA	0.023014104
AAAAAAAAAAAAATAAAAAAACAAAAAAAA	0.979552209
ACAGTAAAAGAAGAATGAAAGAGATATCAC	0.930329502
AAGAAAAAAAGAAAAAAAAAAATAAAACAA	0.971173465
TNCGANAANAAAAAAAGAGAAAATANCNAA	0.971866488
ACAATAGGAAAACAAAATCCCTGAACGAAA	0.850727618
AAAGAGCCCAAAAACTTAAGGAGTAAACAG	0.302444816
TGTATACCGATACATTAAAAAAACAATTAA	0.158001736
ACGGCCTGCAAAAATCTCCCAAGAGAGATC	0.0461686291
CTTAACTNAGGACNNACNACCNNNCAAAAG	0.189539358
GTCTGGTAGTCTATCAAAAAACAGAAAACA	0.230488688
ATAAATATGAGCAGTTCGGTTTAGCCATGA	0.00899977889
CAATTAACAACTGCCCTAGAAAAACAGGGT	0.193733677
CTTCTAGTNGCTTGATCNAATATTGTTAAA	0.000339621183
AATGCAACTAACGAGAAATTAGAAATAAGG	0.366613746
ATAAAATAAAAAACAAAAAAACAAAGAGAA	0.95839709
AATATCGAACTAGTACGAAACTAAAAAAAA	0.283813626
TGCAGCTAATGAAAATAAAAACGGCAAAAA	0.631290495
ATGCCACATCCAGTACAACTGAGAATCAAT	0.0179817379
AAAGAAGCAAANAAAAAAAAAAAAAAAAAA	0.980452657
CAGAAAAAAAAAATAAAAAAAAGATATTAG	0.991949558
AAAAAATAAAAAAAAGAAAAAAATAAAAAA	0.974838734
GCTACAAAGAGCAAAAACATCATAAAATTA	0.607511163
CTACAGGAACCAGACACCAGCAGAGTTTAT	0.01082219
AACAATAANAAAAAGCGTAAGAAAAAACTA	0.962195396
GGATAAAATCAGATGAAATGAACATTGGAC	0.61383754
ACGAGAATACATGAGCATCAATAGAATTGT	0.185913771
AAAAANAAAAAATNANTAGAGAATATNACA	0.959455729
ATAGAACAAAAAAAAAAAAAAAAGAAAAGA	0.983796537
AGAAAAAAGAAAAAAAAAAAAAATAAAAAA	0.970972359
AAAAAAAAAAAAAAAAAAATAACAAAAAAA	0.971944153
ATTATGCAATAAGTAAAAGAAACTCTACAT	0.341392785
AAAAAATAAACAAAAAAAAAACACAAAAAT	0.985006273
AAACAAAAAATAAAAAAAAAAAAAGATAAA	0.975733042
AGACATAAAAGTACAAAAAAAAGATATGAA	0.944877565
CAAAAAAAGAAAAATAAAAAAAATAAAAGA	0.990312815
ATCATTAACAAAACGTACAGAGAAGAGATA	0.408766657
AAAAAAATAAAAAAAAAAAAAATCGAAAAG	0.987394214
GACACAAGAACAGATCGTAAGTACAAATGT	0.182808727
NCGAAGTNAGAATAAAAAAANANAAGNATA	0.966861248
AAANATGAAAGAAACATACAAATACANAGC	0.931443393
ACAGATAGAAGAATAATGAAAAAATACGAA	0.885213315
AATAATTACAAGCTACATAAACTACACGAA	0.144156367
TCAAAACACCGGCTAAAACCGACAGGTAAC	0.217328563
TAAGAATAACGCTACGATAAACTACAGTAA	0.239974365
TACAAAAGAAGACATAAAGAAACAGAGAAA	0.962950468
AAAACTAATACCGAAAAAACTGAACAAAAA	0.791211665
AGGATTTAACTAGATCACTCGGAAATGGGA	0.0091554625
GAGAAAAAAAAAAAANAAAAAAAAAAAAAA	0.963822842
GTCGTCAATCAGAATGAGTAGCTAGCGGAA	0.00588788884
AAAAAATTAAAAAAAAGAAAAAAACACAAA	0.984871686
TCGAAAAAGAGCAAACAACAAAAAAGGATC	0.939060509
AGAAGTATCAAAACAAATGCAAATGCAACT	0.416537702
TCAAGAGAAAAGAAGGGCGAGTAAGGCGCT	0.899742484
AAAAAAAATAACAATAACGAATGAGAACAA	0.975984931
AAAAAAAAAAAAAAAAAAAAGATAAAAAAT	0.97475034
GAACCTCCAAATGAAGTAACGCAGGACTGT	0.0332529955
AAATAGCATTAGCTTGCTAAGAATAAAACA	0.301945686
AAAAAAAAAAAAAAAAAATNAGTAAAAATC	0.987119794
AACACCCTTGCGAATTAACGTAAAAAATAA	0.662719131
ATTACGAGATAAAATTCCAATAATTCGACA	0.189368993
CAAAAAAGATAAACACAACAAAAGGCAAAT	0.983469367
TTNNACTCTNACACNNCACAACNNAGNGNN	0.0346584395
CATGTGTAGTAACAAACAGTAGAGAGATAA	0.180175498
TAAGCGACCCAATGATCCATTTATATCGAA	0.00533811888
AAACCATAAATACCAGGAAAATACTCAAAC	0.291747183
ATAAAAAACTAGTGGGCATACAAAAAACAT	0.899705946
AAAAGAACATAAGCGAAACAAAAAAAAAAA	0.896116912
ACCCAATAATGCCGGACCTAGATGTTATCC	0.00136711088
TTAAGATGGGCTCAGAGGACTAAAAACAAA	0.36650908
AAAAAGGCAAAATAAAACAGAAAAAAAAAC	0.967172503
ACGACACAAAAAAGANAAAAANGAAAAAGG	0.952324688
ATAACAATAGTCCAAAAACAGCAGAAGCGA	0.419585556
AAAAAGAATAAAGAAAACAANGAAAACAAA	0.983028531
GATACTAAGTAATAAAAACGCGTAACTTTA	0.392415196
AAACAAAAAAAAAAAAATAAAAAAGAAAAA	0.961349845
AATACAAAATACGTAGAATGAAGCAAGAAA	0.651498139
GCGAACCAGTATCCTAACAAAGAACAGCAA	0.174515158
AAAAAACAAAAAAGAAAACAAATAAAAAAA	0.953822434
CAAAAGACGAGGAGTGAAAACAATACACTG	0.909837484
TAAACGNATANNACAAGTAAAAAGAGGCAA	0.714043498
AAAACAAAAAAAAAAAAATAAAGAAAAAAT	0.969033957
CAAAAAACAAAAAAAAATAATATAAGAAAA	0.992988288
AGAAGACAGAATCGAGTTAACGAGCTTGCC	0.146840304
CACGGAGCAATGAACATCGAATAAGCCACC	0.025303958
AANGAAAAAGCAAAAAGATAATAAACNGAA	0.964725792
GAAGNGCTNANCAAACNNNNGTTTTGACAG	0.120139375
CAAAAATGTAGAGTTAAGCAGTGGAGAATC	0.304684162
AAAACAAAAACAGAGGCCGAAAAAACAGAT	0.90371871
AAACAAAAAAAAAAAAAAAAACAAAATAGC	0.974073589
ATCCGTCTAAATGAATCATACAACATAATT	0.0647590458
ACAAAATACNGTNAGATACATACAAAAAAA	0.730050683
AAAAAATAAATAACCNAAAANAATNATNAA	0.947776616
ACAAAAGAAAAATAAACAATAAAGAAAAAA	0.988897622
AAANAAGAAANAGAAAAAAAANAANAAAAA	0.973642766
ATAAAAATAAGAGAAAACAAAAAAAAACAA	0.985017598
CTCTTTAAATCACGATCTGACGAAAAGAAA	0.219644725
ATAGANANNGANCCCCANAAAATCCACGNA	0.490392029
CCCTATCAACCAAAGTACAATAGGGAAGGT	0.087251395
TAACAATAAAAAAAAGATATAAAAAAACAA	0.977313936
AAGAATGTAAAGATAGATGAGAACCAATAA	0.486942321
AAAAAAGAAAAAAAAAAAAACATATAAAAA	0.989020884
AGAGATAAAAGAACGTAAACAAAAACAAAC	0.903888166
TCAGAAAAAATGGAACGAAATAGAAGGAAA	0.964521646
CCGCGAAATAAACAAGTAAACTAACAGAGA	0.652082801
ACAAACAAAATAAGACAAAAGCTTGAAGAG	0.92447412
GAATCTAGCTGCAGAAAACTCAAATACTCT	0.129823804
ATAAAAGAAAACACAGAACATATAGAATAG	0.94037503
GAACCAACTAGGCGTTCACGAAAAACAAAA	0.275023907
ATCCAGGAACCAGATGTTCGAACAAAGTGA	0.055762928
GCAAGAAGACCAAAGTCAGGAGAAAAACGC	0.662838817
GAAACCCATCAGTAGAGCTGGTCTTCGAAA	0.000186991223
TTAAACTAACTGAAAAATAAAAGGCATAAA	0.701065958
TAAAAACAAAGAAAAAAAAATAAAAAAAAC	0.987786531
TAAAAGAAANAANAACAAAAAATTAAAAAA	0.981690466
NGCAGNANANTTACNATCCAGCCNAAAAGG	0.0270289388
ACTGGGTACACGTGGCGTGCTCAAACGGCA	2.11947206e-08
AATCACAAAAGAAGGAACATAAACCTAAGA	0.802642882
CAGAATATGACGAAACCAGCCAGGAAGTGG	0.374172032
AACAAACACAAACAAGAAAGACAATTTAGA	0.752087355
AAGAACAATAAAAAAAAAAAACAAAAAANA	0.978298604
AAAAAGTAAAAAAAAACAAAGAAAAAAAAA	0.933881462
AAGAAGTAAGACAAAACAAAATAATACCAA	0.904171348
AAAGAAAATATTAAACAGAACGTCTAAAGA	0.955260336
AAATAAAAAAAAAAAAAAGCATAAAAAAAT	0.986219764
CTGTCCGGAGNAAGCNNCNANNNANAAAAA	0.239110753
ATAAAAAAAAAAAGAAAAAAAACAACAAAA	0.983660996
ACAGATCGGTGCCGTAAATGACACGAGATC	0.0104667945
AAAAGACCAACNTAAAANNTAAAANTAAAC	0.777799904
AGAAAAATAAAAGTAAATAAAAAAAAATAA	0.984253764
TCGATACTGAATTGCCAATAACAGCCCGTC	0.0158380531
AAAAAAATAAATAAAAAAAAAAAAGAAGAA	0.987312496
NNACAANAAANGGCAAANCAACCAANCAGA	0.874467552
GCCAAAAGGGTCTATATAACGCGACAGTCT	0.0178459305
GNAGCAAGAAAATACAAGAAAAAGAATANA	0.94290489
AAAAAAAAAATAGAAAAAAAAAAAAAAAAA	0.985377014
AAAAAAAAAGAAAAAAAAAAAAAAAAAAAA	0.970086336
AAGAGAAAAAAAAAAAAAATAAAAAAAAAA	0.965162337
AACAGCAAAGATACCTGAGAAAAAAAGGAT	0.813723266
GAAAAATAACAAAAAATAAAAAACACAAAC	0.968715131
AAATGAAAGAACAATAAAGAATCGAAAAAC	0.90444392
GCTATTATGAACAACTGCCGTGTATTAGGA	0.00831956603
GTATCTAGAATGCGCCCAAGTAATGAAAGT	0.0600613542
AAAAAAAAACTAAAAAGAAAAAAAACAAAA	0.972446084
AAAAAACGAAAAAAAAAAAAAAAAAATAAA	0.97998637
AAAAAAAAAAACAAAAAAAAAGAAAAAAAA	0.974715233
AAAAAAAAAAAAAAANAAAAAAAAAAANAA	0.952894032
AAAAAAAAACAAAAAAACAATAAATAAAAA	0.959716022
GAATATGATAAAATAACGAAAAAACAAAAA	0.886870205
ANAAACAATAAAGAAAAAAAAANAATAAAA	0.985224366
AAAAAAATNTAAAAGTGAATCCTAAAAGNT	0.960910022
TAATTCAAAGGGGGAGTAAAGAAAACAGCA	0.522146285
ACATATAGACATGCAAAGAAACCCGCAAGC	0.198610336
AAAAGGAATCAAACAACGTAAATTAACAAG	0.675864041
AACATCAAAAAATAACAAAAAAAATGGCAC	0.949522614
AAAAAAAAAAAAAAAAAAAAAAAAAAATAA	0.95447135
AGCGCAAAATCGTAACCGGAGTAAAAGACG	0.280739188
AAAAAAAAAAAAAAGAGAGATAAAAAAAAA	0.973805487
AAAAAACAAAACAACAAACACATATAAAAC	0.971662343
AAAACAAGCAGATAAAGAAGTGGAGAATTA	0.90019232
AAANAGAAAAAATAANAAAAAAACTAAAAC	0.975087881
GGGAGCAAATTTACCCACGGATAAAAGTAC	0.187971026
AAAACGAGATATAAAAACAGAAAAACGCGC	0.897477388
GAAAAAGGAGCAAACGAGAAAATTAAAATT	0.827687323
CGCGAGAAATTGTGGACGAAAGCAACTGGG	0.10192129
ATAGAAAAAAAATACAGAAAAAAAAAAAAA	0.990103483
ACAAAAAAACAAAAAGAGAAAATAAAAAAT	0.984950185
AACAATGGCCATACACAAAAATCGACATCA	0.171352118
ATGGGACAGAAACAAAATAGCGTATAACAA	0.469692886
GAAAAATTCTAAACAACCACTAGAGAAAAA	0.662410319
AANNNGAAAAAACCGNCNNTAGAGATATNA	0.965637207
AAAAAAAAAGAAATAAATAGTAAAGACAAC	0.980503559
AAATAAAAAAAAAAAAAAAAACAATAAAAA	0.970339715
AAAAAAAAATAAAAAAAAAAAATAAAACAA	0.97240001
GAAATAACAAAAAAAAAAGATAAGGAGAAA	0.981613636
AAAAAAAAACAACACAAAAAAAACAAAAAA	0.964266121
AAAAAAAAAAAAAAAAAAAAACAATAAGAA	0.977638423
ACAAAAAAAACAAAAAAAAAAAAAAAAAAA	0.984251618
ANATAAAAAAAACTAAACAAGAACAGATNA	0.966439605
AAAAGAATCTATCGTCGGAAATACCAAACA	0.897560537
AAAAAAAGAAAAATAAAAAGAAAAGAAAAT	0.979212284
AGAATGATCCCCAGAACAAAAAGAAAAAAC	0.473632097
AATTAAACCGAAACAAAGAATTACATAAAG	0.535294414
AAGAAAAAAAAAAAGCACAAGAAAAAAAAA	0.975345492
AGAAAAAGAAGAAAGAAATCAAGAATAACA	0.979180634
ATTAACAAGATACCAAGATATAATCAAAAA	0.292819709
AAAAAAAAAAAAAAAAAAAAAAAAAAAAAC	0.965276718
TAAAAAAAATAGAAGAAAAAAAAAATCAAA	0.984948695
TCCCAACAGTTTAGAACAGAAACAATAGTC	0.1423219
AAACCATAAAAAAAAAAGAACAAAAAAGAA	0.963124156
TAATGAAACAGGACCAAAATGCAGAAACAA	0.324130297
ACGAATTAATTNAAATGTAAGAAAATTACA	0.549237132
GAAAAGAATAGAAGGACATATAGCATGAAT	0.911651134
AAATACATAAGCAAAATAATAAAAAAACAA	0.886015892
GAAAAACCTCAGATAACCAAAAAATAAAAA	0.694556355
AGAAACGATGTAAAAGAACAGGGTAGCGAT	0.721763492
AGAGTTAAACATGAAAATGAACTTACATCC	0.0827300996
GAAAAAAGAGACATAATTCTAGTGATATAT	0.961284399
TGTTAAAAACGAAAACTGGAACAACGAGAA	0.680051565
GAGCAAGAAAAAAAAAAAAAAAACAAAAAA	0.975313365
ACAGAAACACAACGAAATAATACTTGGAAG	0.541264296
AAAGGGAGAGAAATAGTAAATAAAATAAGT	0.79794234
AAAAAAAGAAAAAAAAATAAAAAAAAACAG	0.970895529
GTATAACAATAGAAAAGAATATGTCGTCAT	0.669212937
AGAAACAAAAAACAAAATAAAAAAAAAAAG	0.97727406
AAAATAAAAAAAATACAAAGAAAAAAAAAA	0.979460061
GCGAGAAAGAGATCTAAAAAAGGCAATAAA	0.808480501
ATTCAGTTAATAGAAAAAATAAGTGAAACT	0.750342309
AAATAAGTATCAAGAATGAAATAAAGTGAC	0.713425875
AAGAAAAAGAAAAAAACAAAAAAAAAAAAA	0.975617468
NTTGNAAAAANGCAAGCNATNAANAAGTGA	0.860516846
CAGGAAACCGGCACAGCATAGCGCATTGAA	0.0136506902
GCTCGGAAAATAGTAAAAAAGTTAACGCTT	0.898404896
CTTAAACACAGTCAAGAAGAAAAACCAGAA	0.550345123
ATAGAACACTCAAACAATTNAACCCCCGAA	0.24509415
GAAACAATAAAAAGCATATTCGGTAGTGTA	0.886383057
AAAAAAACAAATAACAAAAAAAAAGATAAA	0.974151433
ATAATGTAACTAAAACTAAATCATATAGCG	0.311782449
AAAAAAGAAAAATAGAGATTCATGGAAANN	0.956272542
AATAGATACAAAAATCGAGGGAGNAGAAAA	0.73424989
AAATCAGCAAAAAAAAAAAATAGAACTTAT	0.962088227
GAGGTAAAAAAGAAAAAATGAAGGCAAAAA	0.973882496
TTTAAGGCATATAAGAAAACACTCGAAATA	0.304777414
TNAAAATNNGCGTCGAAAAGNAATNAAANA	0.842729151
GTATAGGCAAATAGACCATAATGAACTCAT	0.0674752146
GAAAAACAATGATAAAGCAAGGGAGATAAT	0.964403272
AAATCAACAAAAAGAAGAAAAAAAAAAAAA	0.971624076
ATAGNACGTANNAGGNANCACGCGGATAAA	0.0149798729
GATCAGTGTATGAATCGGGCGAGAAGTACA	0.00208033691
AAAATTGCCGTTAATAGTGTCTAAATAATT	0.39265269
AAAAATAAACAAAAAAAAAACTAAAAAAAA	0.955491006
AAACANAAAACAANTAAAANANACNAAAGA	0.941601813
ATAGACACAAACNACACGTGNNTACCTAAG	0.132918969
AAAAAAAAACGTAAACGTAAATAAAAACAA	0.951422334
ACAGAAAAAAGTAAAAAAAAATAAAAATAA	0.991606236
ATATAAATCACCACAGGGCGAAACAACATC	0.236871824
AAAAAAAAAAAAAAAAAAAATAAAAAAAAA	0.963596106
AAAGGAGCAAGAAATAAGCGCAGAGGTCTA	0.679867089
AATAGAAATCCACAACAAACCAAAAAACAA	0.480281383
AATAAAGAAATAAAAAAGAAAACCAACCGA	0.976078272
TAAAAAAAAAAAAAAACAAAAAAAAGAAAA	0.981798589
CAAATAAGCAACAAAGGAACTGATATTAGA	0.90339148
ATACAAAAGATAAAGAACGAACAAAAAAAA	0.926198125
AAAAAAAAATAAAAAAGAAAAAAAAAACAA	0.969726324
CAAAAAAAACAACAGACAATAAAAGCAAAA	0.975676954
ATTCAACAAAACAAAAGATACGCACGAACT	0.701142848
AAGGCGTACAACCTCGCAGACTATATAATA	0.0361974314
GACGAAGACATACATAAATATAATAAATCA	0.453061521
ATAACAAGAGAATAACAAAAAGCAAGCTCA	0.856765807
ACCCGAAAAAAGAAAAATGTGGAAGATACT	0.963963151
AAAAAGAAAAAGAAAAAGAATTATAAAAAA	0.980868578
GACAAGTATACTAATCAACGCCACACTTAT	0.133980468
AGACAATATTAAAAGAATGACATACGACTG	0.669932663
ACTACAAACTAACAGTGACCTTCAACCAAC	0.0190995354
TCACAAAAAAACCTGTTAACACAAGAGGAA	0.793855786
AATATTAAAAAAAAACAAAAAAAAAAAAAA	0.971154928
AGAAAAGATGAAAAGACAAAAAGCTCTAAA	0.966284752
AAATAAAATAAAAAAAAAGAAATATAAGAA	0.982425392
TAAGGAACAATAAACCACCAAAACAATCAG	0.489107132
ATAAAAAAAAAAAAAAAACAATAATGAAAA	0.988931298
ACAAAAAAAAAAAAAAAATAAAAAAGAAAA	0.974925637
AAAGAAAAAAAAAAAAACAAAAAAAATGAA	0.966409981
ATCTTCAAATTTGAAAAGAGAGTTGGAAAA	0.324793249
AAAGAATAACTAGCTATACCATAAAGAGTA	0.608967364
CGGAAGGGGAGGTCACGGGCCGAAGACAAT	0.000163679011
AATGAAAAAAAAAAAAAAAAAAATATAAAC	0.987460792
TCTAATATAACAGAGAGAACTCAAGTACAA	0.151787177
AACTTAAAGACCCTGGTACCCGTCATTGAC	0.00525200833
GATTGCTGAACCAAGCGCTTACAAATGCGC	0.0202936325
ACAGACAGGCGCGAAGACCATTTAATAATC	0.0208911449
AAAATATAGANCACNAGCANAAAAATAAGC	0.833049953
GATAAGATCCTCACAGACTAGAAAATACTG	0.218547061
TACAGAGAAATATGAAGTACTAAAACAACA	0.512100995
AAAAAAAAAAAATAAAAAAAAAATAAAATG	0.985192895
AATAAACAAAAAAGAACAAAATAAAAGAAC	0.969892144
AAAAAAAGACACGGAAGTAAAATAACAAAA	0.915138423
AAGAAAGAAACTAGAATATTGAAGTATAAG	0.9301337
AGTAGTAANCCAAAAAAAACTACAAAAAAA	0.677964926
GATCAGCGAGAAAAAATAATAAAAAAACAA	0.920624077
AAAAGAAAAAAAATAAAAAAAAAAATAAAA	0.970670819
AGAAATGAAGACAAAAGACAAAAACCATAA	0.863835156
ANAAAAAAACANCAAAAAAAACAAAAAAAA	0.965795696
AAAAAAAAAAATAAAAAAAAGACACCAAAA	0.984723449
AAAAAAAAAAAAAAAAAAAAAAAAAAAAAA	0.954449415
TTACGAACCGATAAACAGAGATTTAGGACA	0.0540981963
GTACAAACAATGATTAAGTAACCCCACAAA	0.339135528
ANACNCATNCAAACAAACAATAATNTTAAA	0.299308479
AAAATAAGTCAAAACATAAAAAAGAAAATA	0.920501649
TATCAACCGCAACTTGAAACGGTGACTAGA	0.00442847656
AAATCAAAAAACAACAGAGGGACATACAAA	0.932148039
AACTAAGTGAAAAGCTGACATCAATTGAAG	0.0388652235
TAATCAATACAAGGGGATGCTACAATAGGA	0.137759522
AAATTGGTGAGAAAGTCAACGAAATATCAT	0.027328575
AAATAAAACAACAAAANAAANGANATANAG	0.928798676
AAGAAACATTAAAAAAACCAAATAAGAAAC	0.934070408
AAAAAAAAAAAATAAAAACCAAAAAAAAAA	0.985146463
AAAAAAAAAAAGAAGANAAGCAAACAAAAC	0.976423979
AAACTAAAAAAAAAAAANAAAGAAAAAAAA	0.963119149
AGACAAAAAATAATAAGAAAAACACAAAAA	0.976427615
AACNAAATCAANATCNATCNGGTGAGNAAA	0.541047752
AAAAAAAAAAAAAAAAAAAAGGAAAAAGAA	0.981284082
AAAGAAAAAAAAAATAACGAAAAAAAAAAA	0.983851492
ACTAACGCGCCACAAAAGAAAAAACAGGAT	0.472660303
TAAAAAGCAGAAAAGGAAGAAATCGATGGA	0.943639815
NAATAACCAAGAAAAGAAATAAAANACATA	0.945869803
AACACAAAAAAAAAAAAAAAAAACAAACAA	0.968469203
GGCATATAGAATACATGCTACTAGACAAAT	0.0636737719
TAAAAAAAAAAAACCATCAAGAAAGAAAGA	0.990128219
AACAACATTGAAATAACTAGCACTTAAACC	0.434407502
AAAAAAAACGACACAAAAAAAAGAAAAAAA	0.978387713
ATGACTGAGAAAAGGGAAAAGGCTGTTAAG	0.359977394
AAAAAAAACGACNNATCNAATAGAAAAATC	0.955119014
CTAACAAATAGAAAACCTAGAAGTACGGTA	0.83085227
AAAAAGAAGAAAAAAAGACAAACAAAAGAA	0.971715033
AANAAAAAANAACAAAGTAAGAANAACAAA	0.972388744
AACAAAAACAAACAAAATAATAAAAACAAA	0.972699821
AAAAAAAGAAAAAAAAAAAAAAATAAATAA	0.972159863
CAAAACAAGAAAGAACAATAAATAAAAAGA	0.97116214
AAACAAAAAAAACAAAAAATATAAACAATC	0.981953502
AAAGAACAGAAACACATAAAACACATACCA	0.810650349
ACTAAAAAAAAAAAAAAAACAAGAAAAAGC	0.992311895
GGCAATGAAGAAAGTCGCAAAAATTGAACA	0.564204097
AACATAAACTCACAAAGAGTAAACAACACA	0.395976931
AAAGAGATAAGAAATAAGAAAAAAATAAAA	0.963243484
AGAAAAAAAGAAAAGAACAAATAAAGAAAC	0.980841517
AATAAAAAAAAACAAAAAAAAAAGAAAAAA	0.980962455
TCCAACCACAAACATAATTGAATGGGTAAA	0.0958090648
AANAAAATTAAAACCAANAAAAAANAAAAA	0.967117727
GTTGATAACGGCTACACAAAGGGGAAAACC	0.0392953679
AAAAAGAGATACACGGAAAAACAAAGCAAA	0.91000855
CAANAAATANGAGAAANAAAAAAAAGCNAG	0.993249416
ACTAAAACTGTTATAAACAAAAATAAATAA	0.596448481
ATTAAAAAAATAGAATATTTTGAAAACAAA	0.94821173
GAAGAGATCTATGACCCAGCACACAACGAA	0.150671288
AAAAAAAATAAAAAANATGAACAAAAAAAA	0.977523685
CAACCGAAACAATATAAGCTTTAAATGAAT	0.449428022
TTGAATCAAAGAAAAAAAAAAAAAGAAACG	0.982381284
CCGTAAAATGNCTNGNAGCTGTCTCCTATG	0.000572782941
ACATAACATCCGGAGAAGTGTAATACAGAG	0.116477035
GTTCAACGTTAACAGGTGTCACGAGCTAAC	0.00202185777
AATAAGGCATCAAGAATGTTGCACTAGTTC	0.00913302228
CTAATACCATCAAACTGATAAATTGTTACA	0.0195433218
TATAAGCAAAAAGAAAAAACAAAGACTAAG	0.958097875
AAAGAAAATACGAACATAAAAAGAAATGAA	0.965205848
AATTAATAAAAAAANAAAGAAAAAAAAAAA	0.969705939
ANNAGNANGNGGCATAACAGCNTNAGANAT	0.290282011
AGTACACGGATAAGTTAAATCTAAAGTTGA	0.0245275013
CGGCAAATGTGACTCAAAATAGAGATCTGA	0.131034747
CTGTAATAAGAGAGCACATAAATGAAAAAA	0.686434567
AAAGAGTGAAATCCTGAATAATTTTGACCT	0.00584303169
TATAAAAGAAACCCCAAAGAGTACAAAATA	0.801462173
AGAAAAAGAAAATAATAAGAAAAGCAGCAT	0.983817339
ACGTAGAGCACATCGATCCCGGACGTTGGC	0.00093592779
AAAAAAAAAGAAAAAAAAAAAAAAAAGAAA	0.959363461
CATAGGCGTCTAATACCAGAAGATCCACTA	0.00684572291
AAAAAAAAAAAACAAAAATAAATACAAAAA	0.985124052
AAAAAAAATAAAAAAAAAAAAACAAGAGAA	0.984553456
AAAAAAACAGACAAACACAAAAACACAAAA	0.919089019
AGACAAATAAGAAAGAAAAACAAAAAAAAA	0.963198543
TATACGACGAAGAAGAAATACCTCAAGCCA	0.492731333
GCAAAAAAATATAAAAAAGAATAAAAAAAG	0.990276456
ANACNTNAGNAGATCGCCANTTNGGACTAC	0.0084881559
GTGAGTAAGAAAAAACGCGAGAGCATTAAG	0.912775755
TAAACCGACGAGAGATACGTGCAAAGAACG	0.153346017
AGACCGAGCAAAAATAAATAAGAGATAAAT	0.727006972
GAAAAAATAAAAAAGACAAAAAACGAAAAA	0.993312657
AAAAAAAAAAGAAAAACAAAAAAAAAAAAA	0.965288699
CTTTAAAAACAGCTAAGCAAAGAAAAAGGG	0.717285275
AAAAAACACAAAAAATAAAAGAAAAAATAA	0.971477807
AAAGGTCAGTAAAGTGATCAATGGAATTAA	0.0698242933
GCACAATATAAAGCTGACGACCAACTTAAT	0.217428029
AAATGAAACGCAAACAAAAAAAATTGTCAA	0.836972773
AAAATAATTAAAGACATAAAAAAAATATAA	0.94247818
AAAAAGAAGTTCAATATACTAAACAATAAA	0.799606621
TCGCGAAAAATATGAAAAAAAAAAAAAGAT	0.962341845
AAGAAAAAACATAAAAAAAAAAAACTAAAA	0.986128569
GGGAGAAACTATAATAAGAAACGAAAAAGC	0.769876182
CACAAAAAATAATTTAACATAAAATCTAAC	0.959431589
AAAAAAAAAAATAAAAAATAAAAAAAAAAA	0.986544669
AAAAATCGCGGTAGACATAAAAAGGTCTAA	0.640893698
AAAATAATGAAGACACAGAAAGAATACACC	0.901502311
ACAAAAAAATAAGACGAAAAATTAAAGAGG	0.986008823
AAAAAGAAAAAAAAAAAAAAAAAAAAAAAA	0.970099986
NAACACANCANTATAATNGAACAAANATGA	0.525194883
AAATACGCAGTAGTAATGCATCGTTCCCAA	6.87326537e-05
GCACAAGACTAAAAAAGGGACCACACCAAC	0.709859729
ACCCAATCAGGGAAAAATAAAAAGACCAAC	0.7627877
AAAGGAGAAAAAAAAAAAAAAAATAGAACT	0.983472943
AAGAAAAAAACTGAAGTAAAAAAACGGTAA	0.979015946
AAACAAAAAGAATCATACAAAAAAAAAAAA	0.970662951
GAAAAAAACAAAGCAAATCACAAACATAAC	0.973658144
GCTNCATANCTAAANATATACAAACNGNCN	0.18809697
GTAACAAAGGAACCATAACTGAAAATAGCA	0.555085897
AAAAAAAACAAAAAAAAAAAAAACAAAAAA	0.959807813
CAAAACCATCAAAAAGACCTCGACTAATCT	0.622185171
TAACTTAAAAAAAAGACAAAAAGCAACAAA	0.935408294
AAAATAACAAAACAAAAAAATGAAAAAAGA	0.955594301
TAAAAAAAAGAGTAAGCACAAAAAACAAGT	0.968941689
AAAATAAAACATAAAAAAAAACAAAATAAA	0.971296489
AAAAAAAAAAAACAACNNAAATAAAGGAAA	0.980523825
CAAAANAAANACAACGGNGAANAAATAGAA	0.944974959
CCAGTACGNCACNANGAAAANTGTNAAGTA	0.0428536348
TAAGTGCAGCTTACGAAAACACCACAAAAT	0.141769007
ATGTAAAAGAAAATAAAGAGCCAAATGAAA	0.95994544
AATAGAACAAATATAATCAAAAACAAAAAA	0.850109458
ACGGTAACATTGGAGAGATCAAAACCTTGT	0.00814870652
AATAACATAAAAGAAATATACTAGAGAAAC	0.916487098
AAAAACCAAAAAAAAAAAAAAAATACAAAA	0.96448487
AAAGGCATAAAAAGAAAAATTAAAAAACCA	0.956880093
ATAAAAAATAAAAAAAAATGAAAATAAAAA	0.986435235
CTGCGACCAATTAAGCTGTATGTGGAGAAT	0.00112138106
AAAAAAAAAAAAAAAAATAAAAAAGAAAAA	0.969324827
ATCTCGACCAAACATAAAAAAAGAGAACAC	0.437841773
CAAAAAAAGATTATGGATAAAAAAAAAATC	0.994961381
AAAATACCGAAACGAAAAAACAATTACAAA	0.8826285
AAAAAAAANAAAAAGANGAAGCATGAANAA	0.960283101
AATAAAAANACCGAGACCTAATAAAAAAAA	0.786892176
AAATAAGAAAAAAAAAAGGTAGAACAAAGA	0.987467766
CGGACCCAAATAAAAATTTCAAACGACTAA	0.315782487
AGATAAAAAAAAAAAAAAAAAATAAGAATA	0.975979149
ATAAAAATAGAAAAAAAAAAAGAAAAAAAA	0.993777633
AAAATAAGACGAAAACCATAGAAACTAAAT	0.847545505
GCAGAAACACACTGCAAAAAGCCAAAAGAC	0.306185365
GGTCATAAAAATCATATACACATGAAAGGA	0.40855673
AGACAAATACATAAGAACTGGCACTAGGCG	0.4868806
CAAAAAACAGAAAAAAAAAAAAATAACAAC	0.994970024
AAACAAGAAACAACAAAAAAAAAAAAAAAA	0.97231704
AAAATAAAATAAAAAAAAAAGAAAAAATAA	0.973809481
AAGTAACATCCGATAAGACACAGAAACAAT	0.252309799
AACGAATAAAAGGAANNACANAAAGNAGAA	0.938897908
AAAAACAAAAAAAAAAAAAACAAGAACAAA	0.976108372
AANAAAACAACAAAAAAAAACAAAAAAAAC	0.979111612
AAAATAGAACATAAATACAGATAATAATAC	0.842337191
CAGCAAATTAAAAGGCAACAAAGGAAAGTA	0.740856171
CGCAAGCAAGTAGATAGCATTTCCAACAAT	0.0571071319
AACAAAAAAAACAACAATAAAAGGAAGAAA	0.985883176
GCACAAAATACAAAAATGGATCGAATAGAA	0.881224632
CCAAAGCACAAATAACGAAAAATGAGAAAA	0.642039657
AAAAGAAAGGAAGGAGAAAAAAATAGAATA	0.969388783
ATCCTAAACCGCACGACTCCCCAGCACAAA	6.10704374e-05
TTTCCTGCTAAACAGTCAACCAATCTAAAG	0.00447320845
AAAACTAAAAATTAGGATAAAATAAAAAAA	0.89359045
CAACAATCTAAGCAAAAATAAACACAAGCA	0.679286659
AAAACGAAAGTTAAAGAATAAGAAAAAACA	0.950915754
AAAGCATGCAGAACACCGATCATAAATGCC	0.151446283
AATTAGNAANNCAGNANCCGAACAAAAAAN	0.367113382
GGGACACGAAATAAGTACCGCGAAAGAATT	0.392724901
ACGCAACCCCAAAAAGCACATCGCTCAAAA	0.023978522
AACAACGCAGACTAAGGCAGTGTATAACAA	0.0383549258
ATAAAAAAAAAAAGAAAAAACAAAAAAATA	0.981940448
GNTAAGAANGAAAAGTANNNATGCTAAATG	0.94423902
TCTTCAAAAAAACATAGGAAAAACAATAAC	0.896425068
ACAAAGAATTAAAANAGCANTGGAAAATNA	0.97287786
AACCAAAAACGAAAAAAAAGAAATAAAAAA	0.984491169
CGAAAACACGATCCTAGCATAGAGTCAATC	0.496452302
AAAANNGAANACNCATAGGGGTAAGGTAAG	0.464986563
AAAAAAAAAACAAAGCAAAAATAAAAAACA	0.976715863
AATTGCCATAATACAGCGAAACAGTACCTA	0.0376974195
GATAGGTAAAGNCACTAACCAAGANNCTAN	0.0367007926
TCAGATCTCTAGGTCTAAGTGTAATAAACC	0.187356889
AAAAAAAAAAAAAAAAAAAAAAAAATAAAA	0.950910151
ANATANGNANAAAAACAANAGAACAAAACA	0.932839215
AGCGTATCAAAAAAAGACAGGATAACTTTA	0.722257197
ACAAATAATAAAAACAAAACATGAATCAAC	0.941918135
CAAGATAAACACAATGAAGCCTATGGAATN	0.441723704
AAAAAAAAAAAAAAAAAAAAAATAAAAAAC	0.972313225
AAAACAAAAAAAAAAAAATAAAATTTAAAA	0.966789126
TAAGATGTCTAACGCAAAAAAAGCAATAAA	0.453329951
AATANCAGATTTAATAAACACCAACAAAAN	0.328338712
TTTTATAGAACAGATATAACACAAAACCAA	0.174568817
AAAAAGAATACTCAGATATAACCCAACCTC	0.875792444
AGAAAAAAAATAAATAAGCCGAATAAAATT	0.978773534
TAGCNAAANGANGAGAGAAACTATNTNANT	0.739059746
AACACGTACGGAAAGGGACGACTATACTGT	0.00201517926
AAANTCAANGAAGGCAAAGCNGNAGAAATG	0.813680589
AAAAAAAAAAAAAAGAAAAAAAAAGAAAAA	0.976589143
AAAAAAAAAAAAACAAAAAAAAAAGANAAA	0.97061342
AAATAACAAGAACGAAATAATAGGAAATGG	0.850328386
TAACGCAAAACACGAAAAAAAATAAAAAAT	0.842986822
GCAAGAGAAAAAGAACGATATAAATGAGGA	0.972869158
TCTAAAACTCCAGGAAAGCAAAAGGAGTAT	0.190939113
TCGTAAAGCACTAACACAACTCAATCACTC	0.0477651767
AACGACATGAGAAAAAAAAAAAACACTAAG	0.977133155
GGAAAAAAAAGAAAAGATAGTAAAGAAAAA	0.988891125
TAACTAAAAATACAATCTTTACGACCGTCA	0.804149628
TACATAATACAAAAATAACCAAAGAATAAA	0.811517477
ACGAATAAATCAAATAGAAATGAAAAATAT	0.887962818
AAAAAACAAAAACAAAAAAAAAAAAAAAAA	0.975087881
ATAAACGAAAACTAAACAAGGAAAACAGAA	0.854518294
AAAAGAAAAAAAAAAAAAAAAAGAAAAATA	0.972202122
AAAAAAAAAAGGCGAAAAAGAAACACAAAT	0.938792229
CAAAGCGAGGGAACACAGACAAACGTATCC	0.115816399
ATGCAAAAACTAAGAGTAAGTAAAAAACAA	0.898502886
ACGATAAATATTCAGATTATTCAGAAAAAG	0.383209199
CCTATAACACCGACGCCTACATCCAGGAAT	0.013842959
CAGAAAACAATAAAAAAAAATCAAAAAACC	0.978431642
AAAAAAAAAAAAAAAAAAAAAAAAAAAAAG	0.959341645
GGTCTAAAGGAGTACTAGAAAATTAGAAAA	0.307132632
CACAANAACAACTGACCAAAAGACTNNCAT	0.750790656
ATCAAGTCAAAGTAAAGAAGTTTATAAGCG	0.427328855
TAAAAAGAAACAAACAAAAAAAAAAATCGT	0.9855268
ATATGTATTTCAGTAGACACAAAGGAGGAG	0.0430798791
AAAAAAAAAAACACTAAAAAAAAACAAAAC	0.979414523
CAAAAAAAAAAAAAAAANAAAAAAAAAGAA	0.983015358
AAAACAAATAAAAAAAAAAAAAAAAAACAA	0.979026794
AAAACATCGGAAAAAGAGTGCGCTACAACA	0.961675406
AAACAGCAGACACATAGAAATCATACTTAA	0.171362594
GAGAAAAAAAATAATAAAAAAAAAAAAAAA	0.990351856
CACAACTGAAAGAATTGTAAAAAAATGTGT	0.782660306
NTTNCACATAAACGGAANGNANATCAAANC	0.0893953368
AGTGGAGTAAAATTAACAATACGGCACAGA	0.25345549
ANAANAAATNAAGAAAATTAAAANAAAACA	0.982250392
AGAATAGACGACTGCCGAAGAGAGAGACCC	0.0438480265
AGANTAAGTATGTGACACGNAANAACNGTG	0.411140442
AAAAAAAAAAACTGGTTAGAAACGAAAAAA	0.950960398
AAACAAAAATTGAAAGAAAAAGCAAGAACA	0.979073882
CAAAAGAGAACAAGAGCATGAATGAAATAT	0.95410341
ATGTAAGCCGNAAATAGNAATNNTNGCAAA	0.255641788
AATAAAAACTAAAAAAAAATCAAAATAAAA	0.963289142
AAGAGTTTACTGAGAAAACAAGATACACTC	0.254764915
CCCAGAAATTGGACAAAGAAGAAAAGATAA	0.64340198
AAAAAAGCAAAAAAAAAAAGAAAAAAAAAA	0.987870753
AAATAAATAAGCAAATAAAATAAAGTGCAC	0.917838991
ATTAAGCAATACACAAGTAATGAAACACAG	0.189123839
ATAAACACAAAAACAATAAAAAGAAAACAA	0.910536885
AAAAANGAAAAAAAAAANANAAAATAAAAA	0.966031611
AAAAAAAAAAAAAGAATTAAAAAAACAACT	0.979984641
CAAAAAAAAAAAAAATAAAAAAAAGATAAC	0.990693748
ACAAAAAACACCAACCATGATAAAGAGAAC	0.930849791
AAAAGATAAAGCATACGAAAAGAAAAGGTA	0.914588749
AGCGANTNANTGTAAATCAACCGAACNTAT	0.0659977794
AAAAATTAAAAAATAAAAAGCAAAAAAAAA	0.946035564
AAAAAACTAAGTAAAACGAAAAAAAAAAAA	0.950787604
AAAAANAACAGCACGAAGGATAGGCAACAA	0.870734036
ATCAGGAAAAAAAAACAGAAAAAAAACTAA	0.97252661
GAGCANAANAGAGGAGTTATTAGANCTACC	0.620467007
GATCACCAACTAGGAACTGTCCGAGAAAAC	0.0182145201
AGATCGCGCACCAGTAGGATAGTAGTCAGA	0.00172120566
AAAAAAACGAAAAAAAAAAACAAAAAAAAA	0.984670401
ATTAATTAGAAAGCACTCCCATCAACTACC	0.00475629698
AACANAAAAAAAANAAAAAAAAAAAAACAA	0.94054836
GCCAAAATGAAAAAAAAAGCAAAAACAATA	0.980728447
AAAAAAAAAAAAACACAGAAAAAAAGAATA	0.975131869
AAAAGAAAAAAAAAAAAAAAAAAAAAANAA	0.95163089
AAAAAAAAAAAAAAAAAAAAAAAGAAACAA	0.969009757
CATAGNCACAACTGCAAAAGCTGAAAAAAT	0.16289404
GNGAGCAGGTGGNNAAATATAAATNAAAAT	0.394954056
ACAAAAAGAGGATAGCAAGCTAGCACCATA	0.930132687
CGTGACTAAGAGAAATAAAGTAGACATACC	0.594931901
AAGTTGAACTTTAAAACCAGTAGAAAAGTC	0.17830424
AAAAAAACGAGAGCGCGGAACAACCAACTG	0.807879925
AAAGAAAAAAAAAAACAAAAAAACGAGTAA	0.973645806
CCAAAGGAAGTCCAGCCGTGAAAGGAAGAT	0.308138311
ACCTGGAATAAAAAAGGAAGGTAGTAAATT	0.922918439
CAAGTGAGTGTAAGTGACAAAATATTTGCG	0.361153722
AAATAAAGAAGGACTTACAAAGATAATAAA	0.897194505
AAAACAGAAAGGCCACGCGCATTTCTAAAA	0.737543225
AAAATAAAAAAAATAAAAATAACAAAAAAA	0.974107563
AATACAAAATCAGTAGATCATATAAAGTCT	0.423347712
ACAGACAAAATAAAAAAAGACAGAAGAAAA	0.948808193
AACAATCAAAAAAAAGGAAGAATTAGAATA	0.960158587
TGACTAAAACACAAAAAAGACAGTAATGAA	0.655776918
TACAAGAAAAAACACACAAGATATATGAAA	0.969713569
GAAAAAGAAAAAAAAAATAAAACAAAAAAA	0.977790773
AAATAAAGAAANNANGTNACATACGAGAAC	0.976824999
GATAAAAAAACAAAAAAAAAAGAAAAAGAA	0.975205898
AAAGAANANACTNAAAAAAAGATAAAAAAA	0.96775806
GAAGCAAAAATAAAAAGAAACCAAAAAACA	0.952550113
ACAAAAAAAAAAAAACAGCTAACAAAAAAA	0.9846977
CTACTCAAAGCTGAATCCCAGATCATAACA	0.0161073469
ACCAAAAATGAGGAACAAGATAGATAAAAG	0.948914051
GCACAGTACATATAGATAGAACTGGAAACG	0.0633369163
TAGATCGTAACTAATCAGAGAAAACAGAGT	0.256392658
AGAAAAAAAATAAAAAAAAAAAATAAAAAA	0.972132027
TAAAAAAAATGACCCAAAACAAAAGCAAGA	0.950495005
AAAAAATAAAAGAAAGAAATAAAAATAAAA	0.976388216
NTTCCCTTGGGTCTGNCACAATAACGGACC	0.102289356
CAAAAGAAAAGAAAAATGTGAAAAAAAAAA	0.990516365
ACTGGAATTGACAAAATGAGATGGTACGCG	0.22740227
GAAAGAAAACAAAAAAATAAACAGAAAAAA	0.966980278
AGTCGTGAAAAAAGGGACTTCCCATCTATA	0.505120099
AAACCGTAAAAAAACCCACTAGATTGCCGA	0.915637136
AAAAACAAAAAGAAAAAAATGAAAAAAAAC	0.972761631
AAAAAACCTGAAAAGAAACTAAAAAAAAAT	0.935631156
AACAACCGTTCAACACGCAATCGCGAAATT	0.0210133549
AAAGAACAACAAAAAAAAAAAAAAAAAAAA	0.974658728
AAAAAAAAAAATACAAAAAAAAGAATACAA	0.983052254
ATAANAAATAACCAAGCGACGAATANNAGA	0.793555677
AGCAAAGGTAGAAAAAATGANNNAAAACAA	0.973624229
TTTATGGGCCAAAGAGAAAGCCTAACGTAA	0.0283634569
ACANCAAAAAAAGCAAAAAAACAGACAAAA	0.960945785
AAAGAAAAGAACCAGTCAAAAGAAAAATTC	0.941433787
AAAACAAACGAAAATAAAAAAAAAAAAAAA	0.988941133
AATAACCGTCAACAAAAATCGAATATGTCC	0.322389275
AAGAGATGGGAAACTAATCGAAGAAATGCA	0.439073205
GTATATAATAAATAGAAACATTACCACCAA	0.606125653
AATCGCGTGAAGATCAAAATAATGTGATAT	0.0552012511
AAAAAAAAAAAATATAAAAATGATAGAAGA	0.990741372
ACAAAAAAAAAGAGGAACAAAAATAAACCT	0.980592132
AGGTTACAATAAAACTAAAAAAAATAAAAA	0.770716727
AAAGACAAAAAAAAAAAAAAAAAAAAAAAA	0.970413685
CAACATAAAAAGAGGAAAAAATAAGAAGTA	0.967945397
AACACGCGACAAAATACTGCAGACGAATTG	0.359422326
CTCTAAACGGATAATAGTTAGTAAAACTAC	0.0980702341
AACAAAGAACGAACAATGGAGAATCCGGGA	0.758338869
GTTGGAACGGATCAAGTTTACAGAAAATAA	0.187712818
GAAAGAAAAAAAAAAAAAAAAAAAAAAAAA	0.971696258
AGAAAANANACCCAAGTAACAAACAAAAAA	0.89037931
CAAAANCAAAAACAAAAAAAAAAAAAACAA	0.964501619
AAAAAATAAAAAAAAAAAGAAACAAAAAAA	0.971953273
AAAAAAAAAAAAAAATAAAAAAAGAAAATA	0.975833595
AACAAAGTCAAAGATCAAATAAAAACAAAT	0.853804946
AAGCAAAAAGAAAACAAAAAAAAAAAAAGA	0.977672279
AAAAAAAAAACAAAAGAAAAAAAAATAAAA	0.969752431
AGAAACACAAACAAAACAATAGCATAGAAC	0.800684929
CTCAGCTCAACATTTTCAAAAACTAACACC	0.0125409812
AAAANAAAAATTAACAAGCNAAAAAATAAA	0.978156447
CAAATAACAATATAGTACAAAAAAAAACAA	0.936789691
ANTATGANACACTGAANAACANANCTTANA	0.188828439
GAAGGAAAAGATAAAAAGAAAAAATCTACA	0.979876697
AAAATAGACAAAAAAAACAAAGAAAGAAAA	0.966945589
TACACAACAAAAGCAAGGGGAAAACAATAT	0.515236199
TTAATAACGAAGAGCAACGAAAAACATAAA	0.481232226
AGAGANNNGANATANNCNGAGCNGANACNN	0.199210361
AATCACTCATGAGCTGTACGAAGTGGCAGG	1.7599923e-05
TATAAAACAACGTAAAGAAAATAAAAACAA	0.931422055
GAAAAAAAAATAAAAAAAAAAAATAAAGAA	0.982304215
ATAACGGCGAGTAAAAAACACGCCTGACGA	0.445585281
NTAAAACAATATAAATAGCNTAGAAAGGAG	0.806735992
CGATACGGGACGACCGCAATGACACTGGAG	0.0011269158
GAAAGAAATTATATTGTACGTTCGCACAGT	0.873386621
AATAAACAAAAAAAAAAAAAAAATAAAAAA	0.973999441
AATCGAACGAGGGTATGCTGAGACGAAATT	0.000576113234
AAAGAAAAAACCAAAAAANGAAAAAAAAAG	0.983663082
AACTTAAAACATAAGAAATTAGAAAAAGAA	0.864880919
GCAAACAAATAAAAAAAAAAAATAAAACAA	0.97263068
CACAACAAGGGTACGACTAATTTATCTAAT	0.0746179149
AAAAAGAAAAAAAAAAAAAAAAAAAAAACA	0.971354663
AGGCATAGCACGCCCGTGGCAGGCCAAAAG	3.48701178e-05
CAGGCATATTAAAAAATTTAACAGGACGAG	0.477769285
CGCTAGACGTCGTTAACAGGCATGAACGAA	0.00709602842
AANAAAACAGAAAAAAAAAAAAAAAAAANG	0.98799473
AACAGATACCCACCAAAAAAAGATAACAGA	0.443806618
ATACAGTTTGAAGCGTAGATCCCAGGGATA	3.07937407e-05
AAAAAAAAAAAAATNAAAAAAAAAAAAAAA	0.978493392
GAACATATAAAACATAAAACAAAACCAAAA	0.827357173
AAAATAAAAAAAAACAAACAAAAGAACACA	0.981656134
TGAGGGCGGATACAAATGTAGGGACTGATC	0.0028878036
AAAAAAAAAAAAAAAAACAATGAAAAAAAA	0.969636023
AATAGTGGGAACACAAGCCACCTGAGCTGG	0.0307418071
AAAAAAAAAAAAAAAAAAANAAANAAAAAG	0.965253055
ATAAAACAAAAAGAAGACACAAACGGAAAT	0.94157517
AAACCCAACGANCGAAGAAAANGAAGANGA	0.682378292
TCTTTTAAGNAAAACCANAACTTTCAACNC	0.129548326
ATAACAAGAAAACACAACAAAAGAAAAAAA	0.896934509
GGACGTTATAAACAACCCCAAAAAACAACA	0.408163011
ACCTAAAAAATATAAACGAAACAAAAAATA	0.946277142
ANAAANAAAATAATACATANAAGAGAAGNA	0.97196734
ANAAAATTGAGAAAATCTTGGGAATGAGCA	0.962218225
TAATTGATACTAATGCACAATAAAAAAAGG	0.597435117
AAAACCGCNAACNNCGAAGGCAATANTGCC	0.0233661905
TAAAAAAAAAAAAACAAAAAAAAAAAAAAA	0.989649296
ACACTAAATAAAAGACTAGACATAAAAAAA	0.740734637
GTTAAATGAAAATAACTAGAAAAGCAAAGA	0.841908574
ATAAAAAAAGAAAAAAATAAATTAAAAAAA	0.981726587
ACGAATCCAAACAAAATAATCGAATCAATA	0.522863507
ATAGAAAAATCAAGCTACGAACCAAACAGA	0.728546441
AAATNTNAAACANAGNGAAAGAAAAAGCTT	0.832084656
AAAAGTAAAATATAGGTAGATATAAAAAAG	0.912326217
GTACTTCATCCAGAAAAAGGCCTAGCATGT	0.277253807
AAAATAAAAAAAAACAAAAAAGAGAAAGAA	0.981096864
AGAGACAATATGACCAGAATCAGGAAAAAA	0.344972521
AAATAAAAAAAAAAAAAATAAAAAATAAAA	0.956336081
AGTGTAGCCAATCAGAACAACTTCTAATAG	0.015009678
ACATAGATAGATAGCAGAAAAAGAGAATAA	0.542410135
ATTNAANANTTNGAGTGGTTAGCAAGNATA	0.0629149377
GAGAATGAGCANTAAAATTATCTGAGAANA	0.374658883
AAAATTAATTAATCGCAGGTGGGACATAAA	0.258229256
AAAAAAATAAAAGAGGAAAAAAAAAAAAGA	0.974481523
AAAAAAATAAAAGCTAAATAAATAAAATAA	0.96450758
CGACAAAGAAAAAAGTAAAAAAGGCTAAGA	0.980677903
AAAAAAAAAAAAAAATAAAAGAAAAAATAA	0.975123584
AAGAAAAAAAAACTACATAAATCTAAATAA	0.986626565
AAGATAAAGGCTAAACACAGAAACCAAAGC	0.570366144
AAAGTATAAAAAATAAAACAAAAAATAAAA	0.949593663
CGACCGAACCTGAAAAAAGATTAGAAAAAA	0.750398159
GAACAAGCCGACACTGTCAAATAACACACA	0.238230154
TAAACGTCAAAAGAGAAACTAAAAAGCAAA	0.770440161
AAAAGAATAAAAAAAAAAAAAAAAAAAACT	0.98226124
AAACTACAGTAATCTACAAAACAGCAACTG	0.227336109
AAACGGGAGCAGTGAAGGACACATTGAGTC	0.000144187259
GATAAGAAATCAGTACAACCAAAAAAAAAA	0.713846803
AAATGAGTAACAAAAGAACATTATAAAAAT	0.711153805
CAAAAATAAAACAAAAAAAAAAAAAAAAAC	0.988205194
AATGAATACTCAAGCCATTATCTCCAATAA	0.0200491846
ATAGGAAGTAAATAATGAAAACACGATACT	0.58839941
TGTATACTAGGCATGAACACAAGTTAATCA	0.0257338919
AACAATAATAAAAAAAAAAAATAAAAAAAC	0.983243048
CTAGCCTACGGGAAAATATCCGACAAATAC	0.201212034
AAAAGAAAAGAAAAAAAAAGAAAAAAAAAA	0.978744209
TAGTTACTCAAAAATAAAAGGACTACTAAA	0.37714234
AAAAAAATTAAAAAAAAAAACACCAAAAAA	0.99202162
AAAAACAAAAAAAAAATAAAACATAAAAAA	0.965879202
AAAAGGCAAATCAAAAAAAATAAGATAAAG	0.941713929
AAAACAAAACTAAAAAAAAGAAAAAAAAAA	0.986791134
AGAACCGAAGAAAAGAAAATAAAAAACAAA	0.954758346
ANAACCAAAAAAAGTAACCTAAAAACATCA	0.897450864
AAAACAAAGAAAGAAAAAAAAAAATAAGAA	0.978129745
AAAAAAAAAAAAAAAAAGAACAAAAAAAAA	0.971721113
CACAAAAACAAAAAAAAAAAAATAAAAATA	0.97276175
AGNNNAAAANAACGAGCCAGTTNGGGAAAN	0.938540161
ATAAAAAACNAAANAACANGNAAAAACCAC	0.960986197
AACCCATACACAATAAAGAAAAAAAATAAC	0.694590211
CTAATAAAAATAAAAAAGAAAACAAAAAGG	0.962498665
AAAGAATAATAAGAAAATAAACAAAAAAAC	0.967654765
ACTAAGAAATGAAAGCAAACGACAAAAGCG	0.842695475
AAAAAAAAAAAAAAACGGAAAAAAATAAAA	0.973833561
TCATTCCCTTCGGACTGTGAAAAATGTCAC	0.00135150121
AGGAAAAAAAACAAAATAAACAAAGGAAGA	0.972263992
AAAAACAAAACAAAAGACCAAAACAAACTT	0.952016652
CAACAAAGCATGGACATAACTAAGGAACCA	0.551652133
CAAAGTAAGAAACTACTCAAAGGAAAAAAA	0.837235212
TATAACCGCAAAATACTATCACACAAAATA	0.283702016
GANATGTAATCAGACTAAAAAAAAAAANTA	0.765938818
ATAAAAACCTATGAGAACAAGAACAAAGTA	0.786185265
TACACAACTAAAAGTAAAAAAAAATATCAA	0.848073065
AGAACCTAATGACATCAATCAAATAGAAGA	0.19921498
AAGCGNAGAANCAAAAGCAAAAAAAGAAAA	0.86042881
ATAAAAACAAAAAGAAAGGAGAACGAAATA	0.970997214
NAAAAAAAAAAAAAAAGAATAAAAAAAANA	0.976244092
AAAAANAAAAAAAAAAAAAAAAAATAAAAA	0.940232515
TTAGTGACGATAGAATAACAAAAAAACATA	0.602839768
CATAAAAAAAAATGAAACCAAAAAATAATA	0.971989334
ATAAAAAAGAAAAAAATACGAAAAAAAAAA	0.988500834
AAAAGAAAAAATGAAAAAGACAAAAAAAAG	0.982402802
CACGACTGATATCCTAAAAAATAAAGAGTA	0.290906698
AATATGAAATTTGACATCACTATGCAATAC	0.014043686
TAAAAAATAAACTCTAAGAAAAAAAAGGCA	0.966862261
ACAAAANAAGAACAANACGAAATAAAAAAA	0.958537579
AGACAAAAAAAAAAAACAAAAAAAAAAAGA	0.955130577
AGCCACCCACCATCCACTACTATACATAAG	0.0132796774
GNAANAANGCCAATGAAACTNAGAGNTTAC	0.868114233
GAAACTACACAAAAAAGCAATTTTCGGGAT	0.586293399
CAAAAAAAAAAAAAAAAAAAAAAAAAAAAA	0.979062438
GAAGGTGGAGAAAGGTGGAGGAATGAAAAG	0.0693787485
AAAAAAAAAAAAAATAGAAAAAAAAGAAAA	0.980758488
TAAGCACATAAGCGAGAGAGCATCCTATAA	0.03166987
TGGTTAATCAAACAGTAAGTTACGGAGGAA	0.00640654378
GATAATCATATCTGTGTGGTATATATCCTG	0.000298893661
GTCGAACGATTCGTGAGCAGCGGGTAATCC	5.68811174e-06
AAACAAAAAAAAAAAAAAAAAAGAAAAATA	0.962419033
ACNANNANCAAAAAAACAATAAAACAAAAA	0.931908071
AAAAAAAAAAACAAAACAAAAAAAAAAAGA	0.969335377
TTGCAAAATATAAACTAAAAAAACAACTCA	0.80472213
AACCAAGATAGGTTGACGAAAAACAGAAAA	0.689362466
AAAAAAATTAACATAAAAGTAGCAAAAGAA	0.980467916
CANAATCAAAGACAGNTNAGAGAAAATATA	0.765910208
AGAAAAAAACAAAAAGGCGAACAAAGAACG	0.961833417
ACNATAAAATACANAANTAAAAAAAAAAAA	0.91899544
CAAAACAGAAACATCGGAAAAGACTATTTA	0.892549932
AACAAAACCGAAAACAAAACAAAAGGCTAC	0.884216666
TTAAAAAATGGAACACAAGACAAAATAAAA	0.91883266
AGCATAAAAAGGAAAAAAAGCCCAAAACCG	0.968554735
GAAAAAAAAAAAGAAAAAAGAAAAAAAAAA	0.987837791
AACAGATAAATTGCAAATTAATACACAAGA	0.480738074
AAAACAAAAAATTAAAAAAAAAAAAAAAAA	0.988369346
AAAGACAGNAAAAAAAAAANAGAAAAAAAA	0.963664412
TAAAACAAGGCTAAAGAAGAAGCAAGCAAA	0.790382326
AAAAAAAAACGAAAAAAAAAAAAAAAAGAA	0.979628265
AAAAAAAAGAAAGAAAAGAAACAAAAGGGA	0.975960076
AGAAAAAAAAACAAAAAAAAACAAAATAGA	0.962418616
AAAAAAAGAAAGCAAAAAGACTATAGTAGA	0.95773834
ACAAAAAAANCAAAAAANANTATCAAAAGA	0.980025887
GCAAAACGATGTTTCAAAAACCAAATATTG	0.058897011
TTGAGCAAGTGGAAGCACGCCGGGAATAAA	0.257851183
AAACCGCAGGAGGAACATCGACTAGGACAG	0.0116144605
AACACAAAAAAAAAAATCAAAAAAGATAAA	0.96942085
AAAAAAAAAAAAAAAAAACAAAAAAAAGAA	0.965391159
AAAAAAAAACAAAAAGAAAAAAAAAAAAAA	0.973407507
AACAAACCGATTTCGAGACACTAACAATTC	0.386811882
GAAACTCATAAAAGAAATCGAACGAATCGC	0.729506195
AAAAATCTGAAAATAAAACCCCAGAGGAAT	0.908803999
AACCAAGAAAAAGAAAAAAAAAAGAAAAAA	0.977113605
NNACCATAGAAAAAAAGNAACAGCACTAAG	0.896963418
GAAAACANAAAAAAAAAAAAAAAAAACNAA	0.975380063
TGCGTGCGTAAAAATAAATGGTGAAAAAAA	0.73113519
GAATCAGAAGAGCCAGAATAACCAAAAAAA	0.317548186
TAAAAAATAACAAGCATAAAAAAAGGGAAA	0.966506183
AAGAANTNGAAAGGAGNAATAATTGCATAC	0.206750527
CGTGGCACATAACACAGTAGCAAGGCATGC	0.0117418505
ACGCTATTCAAATACCGGGGAGCATGATCT	0.00897391606
ACATATAGGATACCTTAGCGATTGTATCGA	0.0117821665
AANATAAGCAAGACAGAATAGAGANAANGA	0.797512174
AATAAGGTTACCAACGAAATAGGACGGTTA	0.0140082287
TTAATGAATAAACAGAAAAATAAATCAGTA	0.858801246
AAAAATAAGATAAAAAAAAAAAAAAAAATA	0.994276583
AAAAAAAAAAAAGATAAAAAAAACAAAAAA	0.977545679
GATAAAAAAAAAAAAAAAAAGCAAAAAAAG	0.98433578
GACAAGTCCAAACAATAAACAAAACAATTA	0.43506977
TAGGGCAAGACAAAAACAAACAAACACCAC	0.661567748
GAATTAACAAAACTGAAAATCAGAAAGAAA	0.719493389
AAGGAAAAAAAATCAAAATTGCACAAAGGA	0.981806636
ATTTGACTAAAAAGAATCAATAAATCACAA	0.497720122
GAATAATAAAAAGTAGTGGCAACGAAATAA	0.897777259
TGGGTAAACGAAAAAAAAGCAAATAAACAA	0.919036865
GAACACGAGATAAAAGATAGGTATAACCAA	0.706960857
AGGACCGACAATATAAAGTATAATACAGGA	0.196060404
ATCAAAAACACCAAGANAAAAAAAACTANT	0.917711377
AATCAANTAAAAAAATAAATAAAAAGAAAA	0.945411205
AAAAAAAAAAAAAAAAAAAAAAAAAACAAA	0.960046291
AAAGAAAAAAAAAGAAAAAAGAAAACAAAA	0.968826115
GAAATATGAGAAAAAATAGATGAACGATCA	0.95849365
AAATCGATAAAGAGATAAAAAAAATTAATA	0.869635284
AAAAAAAAAAAAAAGAAACAAAAAAAAAAA	0.98177737
CAAAAAAAAAAAAAAAACAAAAAAAAAAAA	0.98465389
TGAAAATTCTCACAACAGGCCAGTAGACGG	0.176546425
AAATAAAAAACCGTTGTATATAAAATAAAA	0.812325835
ACAAAAAGAATAAAGCAAGCAGCAAAGTAC	0.966159701
AAATATCAGAATAAAATAAAAAAAAAAAAA	0.948806047
AAAAAAAAAGGAAACCAGAAAGAAAGCATC	0.95452714
AAAAAAACAAAAAAAAACAAATATAAAAAA	0.974273622
AAATTCACAAATCACAATGACAAAAAACTA	0.551523089
TAAAATCATAACAAGCAACAGTTAAAGAGT	0.392614454
AAATAAAAAACCACATACAAAAAAATAAAA	0.913520575
CATAAAAAAAAAAAAAAAATAAACAAAAAA	0.984915376
AAAAAATAAAAAAATATCATATGCAAATAA	0.994150162
AAAGACCAAAAGGTAAACCATGAAAAAAGA	0.764647901
GTATATGAGCCAAGATCATCAAACAATATC	0.102369666
AAAAACATAATCTCCAAGAAAGATAAAAAG	0.723961353
NAAAAAAAAAAAACNAAAGAAAAAAAAAAA	0.977987766
AAAAAAAAAAGGAAAAAAAAACAAAAAAAA	0.948297441
CAAAAGAGAATTACGACAAATAAAAGAAAA	0.938615203
ATATAAACAGACAGGAGAACAGTCATATCA	0.188171431
AAAATATATAAAATTAATAAAGAAGATTAG	0.899499357
CAAAAAAAAACAGCAATAACGCAAGGTAAA	0.986155331
AAAAAAGACAAAAAAAAAAAAATAAAAAAA	0.981359065
ACTGCGAATGAACTACATCAGACCATACCC	0.0319599397
ACTCAAGAACGTAATGCGGAAAGAGATGAA	0.127214417
CCAGGTGCAGATAAAAAGTGCAAAAGGTAA	0.0949390978
AAAAAAAAGAATAAATAACAAGAATAAAAG	0.975280166
AACTGTAGGACGATCCCCCGAGTGGTATAT	7.67972324e-06
GGGCCCTAACATAAAGAAAAACTCGATAGA	0.150783598
AAGAAGAAAAAGTAAAAGTAAAGAAAATAA	0.976661026
ATAAATAAAACTAAACACAGCCAGAAAATA	0.861735642
GAGCAAAAACTAAAACAAAAAACAAAGAAA	0.938555062
CGAATTATAGTAACGCAAGCTAAACGTAAT	0.0561042987
AAAAAAAACAAAAAAAAAAGAAAAGAAAAA	0.96915406
ATTAAAACAAAAAAATAAAATAAGAAAAAA	0.96158731
TAGATAGCCGAAGNACAANATTCTANCGAA	0.083073318
ACAAACTAACAAAGAAGAAAAAACACAAAT	0.903082252
ATGAAATTAGAAGGAAAAGAATACACCCGC	0.802706122
AAAAAAAAAAAAAAAAATAAAAAAAAAAAA	0.970720589
ACAGAAAAAAAATCAAATAAGAAATACAAA	0.988425255
AAAAANANTNTNAAANATGAATAAAATACA	0.962268233
AAAAACAAAAAAAAAAATAACTAAAAAAAA	0.956317782
TTGTATACAAAAGACCATTAGTAAGATACA	0.167653188
GCAATTAGCATGTGTATGTGTCTAACTAAT	0.00323004578
AAAAATAGGACCAAATCTAACACTAAGCAT	0.797705114
GAGAACCAAACGGCGTTGCGTTATCTAGAG	9.83502396e-05
ACGCAGCAAGATGTTCCACAACAATTATAA	0.00772888353
AGAAAANTAAAANAAAATAAAAAAAAAAAA	0.978999734
AGCNGGTATCGGGGATNCAANNGCANNNNA	0.039826721
AACTCAATCAAAATCTCTTCATTGGAAAAA	0.099493213
AAAAAATATAACAAATAACCGACCAGTTGA	0.922405779
ATAAATAAAAATAAAAAAACAACAAAAAAA	0.949934781
GTAAAGATAAAAGACAAAACTCAGTAAGGA	0.932361364
TTCAAACTCACAAATAAGTAGGGAGACACG	0.195224866
ACATATACAAGTACAGTCCAGGGAAAGGAA	0.0545295924
AAATAAACATAAAAAAAAAAAAAAAAAAAC	0.986196697
AAATAAAAAAAAACATAAAAAAGGAAGAAA	0.98256737
NATACGAAACATTAAANAGNCAAAANAAAA	0.748771667
GCAGTACAAGAATAATAATATCAATGTAAT	0.426276386
AAAGAAAATAAAAAAAAAAAAAAAAAAAAA	0.980660796
ANCNAANCAAAAGAAAAANTTCCTTAAAAA	0.936488628
AACGGAATAAAGAATATTACAAAACATCTC	0.858115613
AATAAACAATCAAACACAAACAAAAATGAA	0.721423864
CGATCTTAGTATTCAAACCAAGTTCTAGAA	0.000624649751
AAAAAAAAAAAAAAAAAAACAACAAAAAAC	0.978244603
AAAGAAACAATGACAAAAAAAAGATAAAAA	0.970030785
NNNACAACAANTCNCNATTCCATAAGTANG	0.288404137
GTAAAAAAAAAGAAACTAAAAAAAAAAAAC	0.989774466
AAAAAAAAGAACAACAATGACATAGTAAAA	0.947324932
GAATCCAAATCAAAAAGCCAAGGAACGTAA	0.0445112884
AAAAAAAAAAGCGAAAGAATCAATAAAGCA	0.938482165
TAGAAACTAAAAAAAAAATGATAAAGAAAG	0.975991845
TCTGATGAATCTCGAACGATGGATAACAAA	0.0592211448
ATCGATACAAACAGCAACAATATGGCATGC	0.0877423808
AAAAAAACAACAAAAANAACAAAAAATACA	0.942975044
AAAAACAACATAAGTGAAAAAAAAAACAAC	0.964594007
AAAAAAAAAAATAAAAGAAAAAAAAAAAAA	0.983725011
AANAAANCCCATTATANGAAGNAAAATAAG	0.704639614
GAAAAACACGGGAAAATAGAGTCTTAAGCG	0.910242558
ATGATAGAACTTTATTCCAGCTAACGAAGG	0.0421691611
AAAAAAAATAAAATAAAGATAAAAAATAAA	0.986120641
AGGATCACAACGTGAGCGTTCTAATACTAT	0.000248487951
TACAGTAAAAAACAAAACATAAGAAGGTAC	0.804697812
TTTCAAAAATATATAATAAAAAGAAAACCT	0.860832691
AAAAAAAAAAAATAACAANAAAAAAAAAAA	0.985219479
AGATAAAGAAAAAAATAAAAAAAAAAATAA	0.97534126
TAGCAATANANAGNAAAACAAAAAAAGACA	0.919549406
AAAAAAAAAATNAAAAAAAAAAAAAAAACA	0.986012518
ACAAGAGGAACCAAAAAGAATACAAAATAA	0.778655231
ACGAAAAACCAATATCGAATACACACCTTT	0.193277568
GAGAAAAGAATAAAGAACAAAAAATANTAA	0.97618264
AAAAANTNAACAAAAAAACAAAAAAAAAAA	0.972688079
TCGAGTGGAAACTAAAAATAAAAGACACAA	0.590398788
AAAAAAATGGCCAAACCTAATGAACTAAAC	0.90329957
TTTNTAAACTAATNCNCCAAGGTACACGAA	0.00955443922
TTTAAAAAAAATTTAACGCCGAGAGCAAAA	0.886309624
CAGAAATTCAGGAGTTGCGAGACGTCAAAA	0.0054505514
CTGAAGCACCTTGGGTACAAAAAAGACCAT	0.36363101
GAAATGCCAATAAACCAGATTTACGTCTGA	0.332945675
GATGTAAAAAGATTAAATTAAACATCAAAG	0.724830806
TCTTATTAAANAGAANNACATAACCATAAA	0.437946916
GAGACGACCAAAATTTGAGCGTTAGAAAGA	0.141722992
AAAAAAAAAAAAACATAAAAAAAGAAAAAA	0.978946447
AAATAAATAACAAAAAAAAAAAGAAAAAAA	0.977798522
GNCAACANNTAAAAGAANTCATACTTNNAA	0.713146269
CAAAAAAAAAGAAGATAAAAAAATAAAAAA	0.978226602
AAAAAAAGTAGNNTAAAANAAACGAAAAAA	0.969837546
CAAAAAAAATAAAAAAAAAAACAAACAAAA	0.983946562
GAAANAACAGNAAATGAAAACAAAGCAAAA	0.970448911
CCAAAAAAGAAAAAAAAAAAAAAAAAAAAG	0.992429197
GCAAAGCTCAACAGATTTCCGAATAAAGGA	0.234268144
GCAACCGAGAAAAATAACCGATGAAAACAA	0.925844669
AAGAAAATCTTATCGAATGTAAAATAAATT	0.859396398
AAAAAAAAAAAGAAAAAAAAAAAAAAACAA	0.976313293
ACAGAAAAATAAGCAAAAAGACCAAAATAA	0.966100812
AATAAAAATACAAAAAAAATAAAGAAAAAA	0.981589139
AACGTGAAAAAAGGACAAAGTAAAGATACG	0.962573111
AACAAAGAATCGGTAACGCCCGGACAGTAA	0.853483737
ACAAGAACAAAGGAAAAAATTCAAGAACAG	0.953047395
TAAAGAAATAAAAACAAACAAAAGAAAACA	0.971432149
ATCCATAACTAAAAAAAAGATATCACAAAA	0.707389176
CAATAAACATAAAGATAAAAATAAAAGAAA	0.939478993
ATAGCAGACGAAACATAGAATAGTTGAGAA	0.22456196
AAAAGAAAATAGAAGAAAATAAAAAAAAGA	0.987774432
AAGATAAGAATAAGAAAAGGAAGAAACAAA	0.952460885
CTGCAAAACAGACAACACAACTAAGGATTT	0.408421665
AAAGAANAAAAAAAAAAAAANAAAAAAAAA	0.957201779
AAAAAATAAAAAGAATTAAAATAAAAAAAA	0.980312228
CCGAACGCAGAAAAGCAACAACACAAAGAA	0.55142498
AAGCATTACTAAAGCGCTCAGTTATGCGAA	0.00232629455
AAAGCATGGCTAATTAAGAGTAAAGTAAAA	0.285321593
CATACGTCAAAATAAAATAAAAAACATAAT	0.751068413
AGAAAAGAACTAAATAAAACAAAAAAAACA	0.975124061
AAANGANNAAAACAAANAAGACTAAAAGAA	0.906919479
GAAATAACATCAGGAGATTAGAAAAAAGAA	0.736093104
ACGATCAAATCACAACAGCACCGCGGGAAG	0.0866511986
AGATAAGGACTCCAAGAATAGGGTTGTTAA	0.014407509
CTTTTATAACGAGCGTCAGCAAATAGATTC	0.0281933025
AAGAAAAACTAAATTGCAACAAAAAATGAA	0.9146896
AAACTAAAAAAAAAGAAACAAGCAAAAAAA	0.949595213
AAAAGAAATTAAGGCAAAAAAAGAAAGAAA	0.980180025
AGAAAAAAAAAAAACAAGAAAAAAGAAAAA	0.977088749
AATAAAAAAAAAAAAAAAAAGAAAAAAAAA	0.965670407
AATAANCGAAGAAAAATCATAACAANGACA	0.902945757
TTTATAAACCTATACCTGAAATCCACGAAC	0.00906642154
AACAAAAAGGCGGTTATGGAAAGGGTAAAG	0.916625381
AAAAAATAAAAAAAAAAAAACGAAAAAAAA	0.970028222
AAAAAAAAAAGAAAAAAGAAAGAAAAAAAA	0.972754538
AAAAAAAGACAAATAAAAACAAAACAAATA	0.95230931
AAGAAAAAAAAAAAAAAGAAAAAAAATAAA	0.969918847
AAGAAAAAAGAATTACTAATAAGAAAATAA	0.983605325
TGTAGAAAACAAACACCCCACAGGAAAATG	0.668647945
AAGGAACATAAGGTGTTAACAATCAAACAG	0.409890443
AAAAAAAAAAAAAAATAAAAAAAACGAAAA	0.974948943
NGACAAAAAAAAATTNANTACTACATACAA	0.970870018
AACNACAACGAACAACCGTACCAAGTCAAA	0.125063628
AGAATAGGTAAAAAACGAAATAGAAAAAGG	0.956861854
AACAAAAAGGAAGTATATCGAGAAACTATT	0.955801904
ACGAANATAAANGNCCCNAANAACTAGCCN	0.796173096
TAGCCTGAGAATCCAAGACAGACAACAAAA	0.151409313
AAAAAAAAAAAAAACAAAAAAAAAAGAAAG	0.976281822
AGGNAAAAACANTNNGATTAAGCACGACGA	0.895636439
ATCTTTGAAAACAATAGGACTAGAAAGTAA	0.0945611
CGAAATGGAAAAAAAAGAATAGAAAATCGC	0.983596563
GGACATTTAAAAACAAACGAGATATTAGTA	0.440795779
GATAAATACATACATGCACAAATACCAATA	0.248205349
TAACGATGTTAGAGTAAAGAAGCGCGTCAA	0.17162016
TTTAAGAGTAACATAAATAATAAAAATAAA	0.660996735
AAAAAAAAATAAAAAAAAAAAACACAAAAA	0.979613543
AAAAANAAAAAAAAAAAAAANAAAAAAAAA	0.929414511
ANAAAAANNAGAAGATAAGATCAANTAANN	0.897187412
AGAATAAAAATATAACCAATGCCAATCCAG	0.872273862
CATTCTTANCGTNAAAAAAAATAACNGAAT	0.606185734
AAAAAAAAAAAACAAAAAAAAAACAAAAAA	0.979727507
GTCTAAAATAAAAAAAAAAATAACGAAAAA	0.966008902
AAAATAAAAAACCGAAAAAAACTAAAGAAA	0.946037352
AAAGAAAGGTCAATAGCAAAAGAAGGGCTA	0.921367288
TTCAAGACAAAACCATAAATAGAACCAGGA	0.418625385
TGTGCCAGAACACGAGAAGATAGAGCCAGC	0.0311254766
GGCGAAGAGTGAAGCAGGGGGCAAAATACG	0.137046754
AATAATGAAAAGAGTGACGAAAAACGTAAA	0.760057509
ACAAAAAAAAAAAAAAGAAAAAAAACTAAA	0.976548493
AAGCACAAGTGNATACTAACAGCACACAAG	0.100114934
ACAACTAAAACGCAATAGAGATCCAATCAA	0.393932521
AAAACAAAAAAGAATGAGGAGACAGCAAGC	0.9592067
ATAAACAATAGAAAAAAATAAAAAAATAAA	0.984436631
GAAACAATAAAATACAAACCGATAAAAAAT	0.879572332
AAGAAAACAAAAACAAAAAAGAAAAGAGCA	0.964559078
GAGCACAATAGAGAGGAAAAAAAAAAGATC	0.924307466
AAGCAGAACCAAAAAGGATATAAAAAAGGG	0.854847729
CNTTAACNNAACCNAAATGANNANTGACAC	0.126288727
ATAATCAACAAACTCGACAAAATATAAGAG	0.412472963
TAAGAAAAAAACAAAAACAGATAAACAAGA	0.987089336
AAAAAAAAANAAAANAGAAGAGAANAAAAA	0.961169958
AGGAGTAGTGGATGGGATCGGTCAGTATAT	0.000848632073
ATAACAATAAAACATAATAAAAAAAACTAA	0.875587761
TATAAACAGACAACAGCTAAATCAAAAATA	0.246094689
GAAAAAAACAACAAAAAAAAAAAAAATAAA	0.984849036
ACAAATAGAAGAATAATAATAGAATAGTTT	0.928460181
CAAAAAATAAACAAATCACAGAAGAAAAAC	0.991654873
AAATATAGCTTCCAGGAAATAAAAGTAAAC	0.37325561
CTACAAAGCCTACTATAGATCGAGAAAGAT	0.0518854558
AAAGAAAAAAAAAACAAAAGATAAAAAAAA	0.973477244
AAGAAAAAAAAACAGNAAAAAAAAANAAAG	0.970600963
CCCTAAAAAATAAATACGAATAAAGAATCA	0.955977499
AAAAACAAATACCAAACAACGGAAAAAAAT	0.846029818
GCATAGAAAATACGAACCATAAATAAAATA	0.690902948
AAAAAGGGAAAAACTGAAACAAAGATTAAA	0.9177863
TAGAATTCAGAAATTACAGTGGAGTAGATA	0.0854856074
ANAAGAGANNGAGGTAAGCCCTNACACCAA	0.251067579
GACACTTAAATAAACAGATACACAAAAACT	0.397008628
AAAAAAAACATACTTAAACACAAATTGTTA	0.886123419
AATAAAAATAAAAAAAGAAACAAAAAAAAA	0.973195672
ATAAAAAAAAAAAAAAACTAAAGAGAAATG	0.990551949
GAAAAAGAATACAAGAAGAAAGGTCATAAG	0.985359073
TAAAAAGGNGACCGGATAANAAAAGAGTTT	0.602545023
AAGCTTGCTTATAATAGGCACAGTGATTGG	0.00225321483
GAAGGAATCGTCAACGGCCGCGACGATCCG	0.00104775582
CCAAGAATGACACGAGGGTGTGCTCTTAAA	0.00358315627
AAAAAAAAAAAAAAAAAAAAAAAAAAAAAA	0.954449415
AAGTCAAAAAAAAAAAAAAAAAAAACATAA	0.97698611
TAAGCATAATAACACTCTTCAAAGAACCAA	0.187479988
GAAATGAAAAAACGAAAAAAAAATAAGAAA	0.975980401
AAATTCAAAACAAAAAGAAAGTAACTCTAC	0.829772413
NAGTAGCCANTACTNCAANCAATTTTNATT	0.00545422547
AATGGACATTAAAAAATACAAACAAAGAAT	0.728840113
TCACAATTCAGCAAAATAATACAAAAATTA	0.347091734
GGATAAAAAATACTGATCAATTAAGCAAAC	0.884934664
AAAACTGTCCTCAAATAAAGAAAAAACAAC	0.476368099
TCGTACGAAAAAAAATAACAACTTTTAAAA	0.818534315
ACAAAGAAAAAGATGAAAAAAAAAAGAAAT	0.98960948
TAAAAAAATACAANTAAAATAAAAAAAAAA	0.983235121
CAGACTAATAATGGGAGAGAAAGCACAGAA	0.311049044
CAAAAAGATAAAAAAAAAAAAAAAAAAATA	0.991942883
CTGAGGCAAAGATAAGTATGCAGCCCACAG	0.0483734831
AGTCATAGAAACCGTAAGAAGCGAAAGAGT	0.109122895
GAAANAAACAAAAAAAAAAAAAAATAACAN	0.971241295
AAAAAAAAAACTAAAAACAAAAAGAAGAAA	0.976738572
AACCATAAAAAAAGAAAAAAAACAAAAAAA	0.96483463
AAAANAAAAATAAAAAAANAACAAAAAAAA	0.931360245
AGAAAAAAAAAAAAAAAAAAAAAAAAAAAA	0.952186167
GAACAAAAAAAAATTAAAAAAAAGAAAAGA	0.985852599
AAGAACAAAAACGAGTGAACCAAAAGAAAA	0.900924683
CTAAAGCGACAACAAATACAAACCTGTTGA	0.225886092
CAAACATAAAAAAAGATCAAATAGGAAAGA	0.978192687
TAAGTATAATGTCAAAGAGGGCAATCTTGA	0.0155169936
CAAAAAAAAAAAAAAAGAAAANAAAAAAAA	0.983069181
AACACAAGGAAACACTAAATAAAGATTACG	0.597641468
AATACAAAAAAAAAAACAACAAAAAAAAAA	0.969592512
ATTCCACAAATAGAGAAAATAATAGCAAAT	0.532677531
AAGTGTAAAATGACAACAGACTCCGTTAAA	0.0501847044
AAAAGAGAAATAAAGGGCAACAAAATATGG	0.95183903
AATAAAAAGAAAAAAAAACACAAATAAAAA	0.980619192
ATACAGAAGCAGCTAGACAGAAAATTGCAC	0.191268936
AAAAAAAAACCATAAAAAGAAAAAAAAAAA	0.986312568
ATTTAAAAAAAAAGATAAAAAATAAAAAAA	0.985912144
TGCAAATACATCAAAGAAACCAATACATCG	0.368622929
ATGAAGAACGCAACATGCAAAAACGCGCCA	0.174829036
ACAAAAAAAAAAATAAAAAAAAAAAAAGTA	0.98524797
ACGGAGATAAACATATTAAAAAAAGACAAA	0.722172678
AAAAAGCAAAGAGAGTTGTAATACCTAAAC	0.763244152
ACAGTAAACAGTAAGAGATAGAACAATAAA	0.693177462
AAAAAAAAAAATTAAATAAATAAAAAAAAT	0.989211798
GAAAAAAAAAAAGCACGGAAAAAGAACAAG	0.981426537
CTGAAACCAAAACGCTCACAAAACAAACAA	0.265489608
TATAAGATGGTAGGCACTAAATAAAACCTA	0.29068321
CAAAGAAAAAAATAAAAAAATAAAACTAAA	0.990561187
CACATAAGATACAAAATTTCTGTTTAGATC	0.425233305
AAAAAAAAAAAAAAAAGAACGAAAAAAAAA	0.969024003
AAAAAAAACCACTATAAGAACCTGCAAAAA	0.937844992
AAGAACAAAAAAAAAAACAAATAAACAAAC	0.973494828
AAAAAAATAATAATAAAACAGAAAAGAGAA	0.971999764
AAAAAGAACAAAACAAAATGAAAAAAAGAA	0.967906117
AGCGCCGTAAAGAAATTGGGTAAAATCTAG	0.0199026149
ATACAAAAAAACAAAAAAAAAGAAACAAAA	0.963800669
AAAAAAAAAAAAAAAAAAAAAAGAAAACAA	0.972498536
ATTAAGCGAAACCAGAAAAATCAACAAGCG	0.381125629
GGTACCGAATAAAATTCAAACTAGTAATAC	0.260826826
TGAAAAAAATACAGAAAAACAGAAGAAAAG	0.968976974
AGAAGGGTGAACCTTTCTAACCCAACGAAC	0.0132156499
TTAAAACTAAAAAAAAAAAAAAAAGAAAGA	0.978571892
TTACCTTAAGCAAGTGTAAAGACGAAAAAC	0.00389834656
AAGAGATTAAANANAACAACAANNAANNNA	0.862605333
TTCAGATACATTGCAATACAAAAAAAGTAG	0.261124432
TAGAAAAGTCACATAAAATTTGAGACAGAG	0.584633529
GAAAAAAAAAAAAAAAAGAAAAAAAAAAAA	0.979094565
AAANCGNTAAAAAAAAAAAANAAAAAAAAA	0.981225789
AAAAAAAAAAAAAAANAACAAGAAATAATA	0.971717298
AAGAAAAAAAAAATTAAAAAAAAAAAAAAA	0.98129797
ACCGTATACCTTAATAGACTAAATAGCAAA	0.0178493559
NAAAANAAAAANANAAAAAAAACGAAAAAA	0.95940119
AAAACGGAAAGGTAGAGACCATACAATACC	0.269488782
GAGACAAAAAAAAAACAAAATAAAAAAAAA	0.946793377
ATAAAAAAAAAGAAAACCAAAAAAAAAAAA	0.972891927
AAAAAAAAAAAAAAAANGAAAAAACCAAAA	0.979156613
AANAAAAAAAAAAAGAAAAAAAAAAATAAA	0.964547396
AAAAGAGTAAACACGGAAAAATAGTAAAAT	0.87410152
TAAGCTCAGGACAGCGAAGAATAAACATAA	0.156852707
ATAACAAAAATAANCNAACGAGACAATAAN	0.904440641
CAAAAGTAATAACAAAAAAATAAAAAAAGT	0.976665378
TACGAAACCGATATAGGGAAATAAAATCAA	0.401937157
ATTCAAAGCTACAGACGAAAATCTGACACA	0.0374266692
AAAATAAAAACAAAAAAAAAGAAAAATAAA	0.965988576
AAAGCAGCTAATCGTCCCTTAAAAATCAGT	0.100022376
ACAAAAGAGAAGAAAATCATGAAAAAAGGC	0.993697703
TAGAAGGTTGGGACGACAAAAGAAAAATAA	0.59338218
AGTAATTTGTAAGATTTAAATCGGTGTAAA	0.00598555105
AAATAAAGGTTGAAAAAAATCTATACAAGA	0.924556077
AGCTAAACTGGCCNTGTTCCNNCTNCGTTN	8.36360869e-06
AACGAAAAAACAAAAAAAAAAAAACCAAAA	0.983510137
AATTTATACACGAGGGTCCTGACTCAACAT	0.000154180394
AAAAAAAAAAAAAAAAAAAAAAGAAAAACA	0.975876391
AACAACAATAGGAAGCAAAAAAGAAAAAAA	0.898685992
AAAAAGAAAAAAAGAAAAAAGCGCAAAAAA	0.97437489
AAAAAAAAAAAAAAAAAAAAAAAAAAAAAA	0.954449415
NATAACAAAAAATGAAAAAAAATAAAAANA	0.966791511
AAACGGAATAAAAAAAGTCCAATCGAAACT	0.92418915
CAAAAAAAATAAGTACGAAGAAAAAATCAA	0.976642966
AAACAAAAAAACACAAAAACAAGAGAAACA	0.972892821
AACCNGTNCTACTTANAACNCTTAAAATNG	0.13164039
AAAAAAAAAAAAAATAACTAGAACATAAAA	0.982126296
TCTGATTAAGCATAACAAGAAAGTAATGAA	0.164836898
NNNAATATGNTAAACAAAAGATANCAAATA	0.858750045
ACAAAAAAAGGAACCAAAAAGGAAATAAAA	0.969573915
ATAAAAAAAAGATAAAAAAAAAAAATAAAG	0.98406291
GTATGCATATACCTAAAGAACTCCAGACAA	0.0574918054
AAAAAAAAAACAAAAAAAAAACAAAAAAAA	0.966409802
ATAACTACTTTAAGAAAGCCAACGTACAAA	0.134512976
GATAGAGAAAACGTAATAATATAAGAAAAA	0.781400144
TCCATAAGNAACTNAAAAGTCTTNNCNATA	0.207427934
AGAGAAAGAAAGAAAGTATAAAAACAAGAA	0.970940888
AACGAAAAATACAATGAANAAAGAGAANAG	0.971209228
ATACAAAGAACAACTCTATCAATCTGAATT	0.62440449
CCGCAGCAAACAAAAGTTTAACTAACCCCA	0.27460745
CTAAATAAAAACAAATCCACCAGATAAAAA	0.917506337
CAATAATTTATCTCCAGAAAAGACGCATAT	0.481221348
AAGAAAATAAAAAAAAAAAAAGATAACGAA	0.989501894
AAGAANGAACAGATAACTAGCAAAAAAAAA	0.790763617
AAAAAATAAAAAAATAACAAAGGAAAAAAA	0.972760081
GAAACGAAGATAAACACGAAAATACAAAAA	0.807808995
AAAAAAAGCAATCCAAAAAACTGAANGANA	0.935533583
AACACANAAGAAAAGAAACATNAAAAAAGA	0.950290561
AAAATCATACAAAACAATAAAAAAAAAAAA	0.90021193
AAAAAGAAAAAAAATACAAAGGCAATAAAA	0.985320389
CACGCAAACTTTNATAANAACAAGAAAGAA	0.484241426
AAAAAAAGAAAAAAAAAAAAAAAAGAAAAA	0.973092735
ATAGAGCATTATCCNCTNTANGATAAAAGG	0.118429542
AGGAACCAGTCAGTCCACAATAGTTATATA	0.00588279776
AANANAACCAACAACNGGAANNACATAANA	0.709314883
AAATAAAAAAAAAAAATAACGATATAAAAA	0.981422901
GTGAAATCACAAAAAANCTAAGNCAAAATA	0.831465602
GAAGAAAAGCCCCTTATTGTCATAGTAATA	0.784726024
GTTAAAGAACGTCTCAAAAACGACAAACCA	0.0843019783
CAAATAATAGAACAAACAAAAATAAAAGAA	0.938171327
AAAAAAAAAAAAAAAAAAAAAAAAAANTAA	0.953785241
AAAAAAAAAAGAGAATAAAAAACTAACAAA	0.955102742
AAANCACGACACAANCCAAAGCTGCGAGNC	0.283600539
AGGAAGTCAGAAGGTTGGTATGTGATGAGG	3.30121256e-05
ACAAAAAAAAAAAAAAAAAATAAACAAAAA	0.984720349
GAAAAAAAAAAAGGAAAAATAGAAAATAAA	0.985038996
CAAGAAAAAAAAAAACCAAATGAATTGCAA	0.985646546
TAAAAAAAAACTAAAAAAAAAAAAAAAAAA	0.990024805
TAGAGCAAAAAAACTGTATTAAAAACTAGT	0.890345216
AATAAAAAACAATAATAAGAAAAAAAAAAA	0.977425277
AAAAAAAAAAAAAAGAAAAATAAAAAAAAT	0.983248949
AGGACAAGAGCAAGAAAAAGACAGAACCGC	0.800999403
ACAGCTTTCATTTGATATGTAAGAAGGAAG	0.000253463571
AAANNAAAAAAAAAGAAAATAAAAGAATNA	0.954514146
GGTAAAGACGCGGCAAAAGAGAAAAAGAAA	0.634223521
AAAAAAAAGACAAAAAAAAAAAAAAAGAGA	0.986960769
CAACAGACACTAATAATAAATTGGAGAATT	0.42880705
NGCAGNACAAANAAAAATGAGAANACGAAA	0.885882437
TTGAAAAATCAAAAATCTCCATGAATAAAA	0.543481648
AAAAAAAAAAAAAACAAAAAAAAGATAAAC	0.979568362
AAAGATATCACCCATAAGAAACCTAACGAA	0.227928042
ACCCTCAGAACTCAAAAGTCGATACTCCAA	0.00121934782
AATTAGTGCTGCTTGAAATTGGTAAAGGGA	0.00128832483
AATTAATAATGAGAAACAGACAATATTATA	0.566424668
AGAAATTAAAAAATAAAAACGAAAAATAAA	0.958108962
ATCAAGAATGGTAGACACCAGAAAGGTCAT	0.0856669173
ATTACAAAAAAAAAGAAAAAAAAGAAAGAA	0.981689215
AACCGTGATGCCCGTGCCACCCCGGGGAAA	9.54661505e-09
AAAAACAAAAAAAAATAACATACAAAAAAA	0.952798009
TTAACTAGATATNGAATGAAATGCNACNAA	0.100681573
AGAAAAAAAAAAAAAAAAAAAAAAAAAATA	0.955757141
CATGTAGTACAAATATACGTCTGCTCCACA	0.00978799816
AGAGGAGGTACGGTGATAATTCCAGAGCGT	6.35310353e-05
TCTCGGCCCAAGTATACCCGAACGAAAAAT	0.000878466235
AAAAAAAAAAAAAAAAAAAAACAAAAAAGA	0.962334692
AAAAAAGAAAAAATACAGCAGGTTACAATG	0.975720525
CACAAGAGCACCCACTGAAACAGAAAAAGA	0.436417103
AAAAAAGAAAAAAATAAAAACAAAATAAAA	0.974882245
AACGCAAAAAATCAAAAGTATAGATACAAG	0.926646352
AGAAAAAAAAGANAAAAAAAAAAAAAAAAC	0.975210428
AGAAACCATAGGAAAGCAGGAATCAAAGGC	0.367282152
AAATAGAAAACAAAAATAAAGGATTAAAAG	0.945915103
AAAAATAAAAAAAAATAAAAAACAACAAAA	0.977631927
AAAGACAGAACCAAACAGAACATAAAGAAT	0.602940381
AGTCACGATCTTGGACAAAAAAGCTGCGTA	0.583713114
ACGAAAAAGAAAAAAAGAAAAAAAAAAAAA	0.986726642
GTCAAAAACCGGAAACTGAAAAAATTGAAT	0.859151542
AAAGAAAAGAAAAAAAAAAAAAAAAAAAAA	0.977832377
AATGAAAAACAAAACAAAACAAGAAAAGAA	0.952249527
AAAAGCAACAGAGACGATACAAAACAATCN	0.572173893
AATAAAAAAATAATAAAAAATAAAACAAAA	0.975630999
AAAACAAAAAAGAAATAACAAAACAAAAAA	0.959169984
ATAAAAAAAAGAAAAAACATAAAGAGATGA	0.985399663
AAAGATATCAAATAAAAAAAAAAAAACAAA	0.97357142
AAGAACGAAAATAATAACAAAGAGAGAAAA	0.941943645
TAGCCTAATAACAGAAGGAAGTGAGGATAT	0.15937756
AAATAAAAAACAAAAAGGAAAATAAAAAAA	0.973512709
TACTCTAATGTCAGGTTTTCAGAGAATATC	0.0246914886
TAAAAACGGNAAGAAAAGCAAAAGAATTAA	0.902926981
AAAAACAAAACAGAAAAATACAAAAAAAAA	0.953130782
AAAACACCAAAAATGGAAAAAAAGCGACCA	0.90791136
CAACCTACACCCCTTAGGACACTCCAGAAT	0.000452656212
AAAAAATAAAAAAACAAACAAAAAAAAAAA	0.976536989
AAAGAAAGAAAAAGCAAAAAAATAAATAAC	0.967898726
AAAAAAAAATAAAAAAAAAAAACAAAATCA	0.976097345
AAAAAGNAAAAAGACCAACAAATACAGACA	0.964453459
AAAAAAAAAAAACGAAAAAAAAAAAAAAAA	0.972609043
AAGGTAAATTAACACAATAAGTCATACAGT	0.204066917
GATAATACAACACAATATAAATGCTAATAA	0.234399512
CGAACGAAAAAAAACCATACAACATGAAAG	0.941660643
AAACAAAAAAAAAAAAATAAAACAAAAAAA	0.96443826
ATAAAAAAAAAAAAAAAAAGAAAACAAAAT	0.987994611
ACATTCTGAAAAAACAAGAAAATAACAAAA	0.792627752
ACAAAAANAAAAAANAAAANNAAAAANAAA	0.967805624
CCGTCCGGTGGGATAGCAAATGTAAAAGCG	0.00407215813
AAAAAAGAAGAAGAAAAAAAAAAAACACAG	0.990657926
AATAGTAATATACAGAAAATAAAAACACAA	0.689786136
AANTAAAATNNANNNANACACAAAAGGATC	0.878022552
CATAAAGAAAACAAAACAAATAAAAAAAAA	0.932974815
AAACAAATAGAAAAAAAAAAAAAAAAAATA	0.990779161
AAAAAANAAAAAAAAACAAAAAAAAAAAAA	0.953285873
AAAACATTAAAAAAATTATTAAAGCACAAC	0.940855563
TCCTACTAAACCCAAACTGAGACATAGCAC	0.0216096155
ATAATGAAGCCAAAAAGAAAAAAGTTCGAC	0.841750503
GCGGTGACTCAGATGGTGAGCCTTGGACCT	1.82575093e-08
CTGACATTCACAAAGAAAGAACATACGAAA	0.287493676
AACCCACAGAATAGGACTCTGTGATATGCA	0.0468708128
AAATAATAAGCGCTAAACAGCCCTTCCGAA	0.795173943
AAATAAAANTATAAATTAACGTACAGGNAN	0.879893601
GAAGGAAAAANGAANTGGTAATTTNAACNT	0.353712916
AACGCGGAAATTTAAAACGCTCCCTCAAGA	0.00012627682
GAGAAATATCACTACCTATCTCCTGGACGT	0.139798582
AAGTCGGCCAATCATACACCGATAAAATTA	0.031653665
TNNGNAAAATCNAGAACATNNACGAGNACA	0.623128414
AAATAGNACACNNNGCAGNCNNCNTGCAAA	0.0446613729
AAAATCTGAAACAAAAAAGAACAAGAACAT	0.874907613
AAAACAAAAACAAAAAAAAAAAAAAAAATA	0.965600073
AACCCAAAAACGATTAATAAACGCACCAAA	0.436494052
TAAAAAAAATAAAAAAAAAAAAAATTCAAA	0.985349
ATAGTTTATATAACAAACAGTCCTTTGACA	0.210588008
AAAAATAAAAAAAAAAGAAATGGGAAAAGA	0.987993717
TTAAAACAAAAAAAAAAGAGATAATAAAAA	0.986753285
CAATGTCAACACCTAAAAAAAAAAGAAAAG	0.671761036
ATAAAATCGCAATAAAAAGTAGATGTAACA	0.771880388
ACAAAAAANACAACTACAGGAGAAAACAAA	0.969087899
ATTCCAAAAGCTGTTAGAAAAAAAAAACAT	0.754366815
TAAAGAAAAAAAAAAAAAAAAAAAAATAAA	0.982114255
TGAATTTATAAGAAGGGAAAAGAAACATAT	0.612931252
GATGAGACCCCGAAATAACACAAAGGAGGG	0.155454427
AAAAAGAAAAAAAAAAAAAAAAAAAAAAAA	0.970099986
GATTGAAAAGCAAATAAGATTACCTACATA	0.544243515
AAAAAAAAAAAAAAAAAAAAAAAAAAAAAC	0.965276718
AAACAAAAAAAAAAAACAAAAAAGAAAACA	0.967177927
AAAAAACAAAAAAAAAAAAAAAAAAAAATA	0.954590499
GATAAAAAGATAACATCCATACTCATCTCA	0.689759195
ATAATAACAAAAAATAAAAAAAAAANCANA	0.962448776
TAAGCAAGAAAATTACACACAAAAGGAGTC	0.828765631
AAAAAAAAAAATAACAAAAGCAGAAAAAAA	0.97635591
ACAGCAAAGAAAAGAAAAATATTAAACACA	0.967994094
NAATATCATNAANAATAAAGAAANAAAAAA	0.896942198
GTAGAAAGCATACCAAATGATGACATCGGC	0.165410236
AAAAAACAGCAAACCAATAGGAACAGAAGC	0.886777759
GAAAAAAAAAAAAAAAATAAGAAAAAAATA	0.982370734
AAGTATGGATAACGGAGCTAACTACAAAAA	0.185755238
TAACAAAAAAAAAAAAAAACAATAAAAAGA	0.987403631
CCCAAAACAAATAACTCACACTGAAAAATA	0.645583272
CAANATCAGANATCAANTNCTNTATATAAA	0.0319170542
AAAAAAAAAAANNAANAANACAAAAAAAAT	0.945640862
AAATGATATAATAAAGAATCACAAAACAAA	0.781366467
CAAAAAAAGAGAAAGCACAAAAGAAAGAAG	0.988054454
ACAAAATAAATNGCANCCAAAACTTANAAC	0.871670723
TAAAAATATATAAAAAAAAAAAGAAAAAAA	0.990641892
AAGGAAACCATCACAAAAAATAAGAAGTAA	0.69165206
AAACAGGACAGAAATCGAAATTAAAAAAAT	0.569689512
AAGACAAATAAAAAAAAAAAAAAAAAAGAA	0.97075665
ATAACAACGGAAAACCAACCATTCTTTAGA	0.222461626
ACAAAAAAAACAAAAAAAAGAAAAAAAAAA	0.98311168
AANAAAAGAAAACATAAAGATAAAAAAAAN	0.974567473
ACATAGAACAAAAAAAAAAAAAACAAAAAA	0.9636994
AAAAAACAATAAAAAAACATAAAAAACAAA	0.97279942
AAAAAGGGAAAAAAAAAAAAATTAGAAAAA	0.989407122
AGAATAGACTGAGCAGAGGTAGAGTAGATC	0.0338186771
AAAAAAAAAACAAAAAAAATAAAAATAAAA	0.963820159
AACCAAAATGATATGAGAGAGAACAAAAAT	0.795419514
ACAATAAATATACGATCCTAAAAAGCAGGA	0.730013311
AACAAAAAAAAAAAAAAAAGACAAAAAAAA	0.9748981
CTTACTCACCACCAACTTATGACTACCAGG	0.000631764065
AACAAAGAAGAACAAAACAAAAAAGAAAAA	0.971702993
AAGCAAGAGAACACCNAGAAAAAGACNATT	0.690998673
CGGATCACAACCTACAACAGTCCTAATGCA	0.00654465426
CATCTATCTCGATTAATTGGGAAAAAATAT	0.426376075
GATGACCAAAGAAGTAAAAATTTACATAAA	0.410366148
AAAAATGAAAAAAAAAAAGTAATAGAATGA	0.985748231
ACCTAATTAAGAAGAGAAAGAACAAAAAAA	0.787222385
AAAAAAAAGATATAAAATAAACAAGAAAAA	0.981959522
AAGTAAAGGAGATATTGCTACATTAACTGT	0.1709591
TAACTCTCCACAAGCGTCAGCACATCCAGC	0.00136076671
AAANAAACNAAAAAAGTAAAAAAAGAGAAA	0.962372661
GCCAAAAAAAGAAGGTTACATGTCAAACGA	0.955602348
AAAAGAAAAACAAAACAAAAAAAAAAAAAA	0.982314944
AAAACAAAAATTAAAAAAAAGAAAAAAAAA	0.985714197
GAAAAAAGGAAACAAAACACACGTAAAAAA	0.994360626
AAAAAAGCACGTAAAAAAACACAAAACAAA	0.879973888
ATCAAAAAAGTCAGTAGACACATATATAGG	0.831940651
AAAAAAAAAAAAAAAAAAAAAAAAAGAAAA	0.954926133
ATAGAAAAAAAAAAAAAAAAAAAAAAAATA	0.981929243
TTTGAGCGTATAACCACAAAATACAAGAGT	0.0554094389
TAGAAAAAAATACCGCTAACATTAGGATAA	0.935044765
AGAAGACAATTCAAGGTTAGCGCCCCAATT	0.171904579
AAAGAAAAATAAGAAAAAAAAAAAAAAAAA	0.989633203
AATAGTATCTAAAACGATGTGTATAACCAG	0.0373440608
CCTATGCAGAACAGGTGATGAATCCACAAA	0.00888189301
AAAAAGAAAAAAAAATGGGAGAAAAAAAAC	0.98729974
AACCCCAACACATCATCGCGAAAAGTGAAA	0.0315944292
ACAAATAAAAACAAGAATCAGAAAAAAATA	0.972172499
AAACAAGTATAAAAAGTGAAGCACGAAAAA	0.894343436
TACGATAGACAATGTATTCGAGATCAGATG	0.036675334
GAAAAAAAAAAAAAAAAATAAAAAAAAGAA	0.977174342
AATAGAACAAAAACCAGAAAAGAAAAAGGA	0.881211758
TAAAAAAACCGAAAAAATAAAGGACNNAAN	0.979311943
TAAAATATCAATGAAGTACAACTAATACAC	0.615561604
AAAAGGAAAAAAGAAAAAAAAAAAAATAAA	0.97461164
GACCAAACAAACAGAAAAATTACAAAATTA	0.844126821
ACAAAAAAAAAAAAAAAAAGGAAAAAAAAA	0.98200053
TCGCGTTCATCTGGAAATGACGGTGTGAAC	1.80463121e-05
CAAACTATAAAAAAACATAAAGAAAAACAA	0.94685787
AAAAAGAAAATCAAAAAAAAAAAAAAAAAG	0.991077185
AAAGCAAAAAAAAAAAAAATTANTAACAAA	0.977495253
AAAAAAAAAAAAAAACAAAAAAAAANAAAC	0.972223043
CAACAGTACATACATCTAAATGACATTAAA	0.137791574
AGAAATTACAAAAAAAAANAAAAAAAAAAC	0.981263399
CAAAAGACTACCGGAAATGATGAAAATGTA	0.644762635
GAGAACAATAAAGAGTATTAAGAACGAAAC	0.776954532
AAAGNAAAAAAAAATAAAAAGAATAAAAAA	0.958311439
ATAAACGGAAGCACGCTCAAGAGGAACCAC	0.0673864558
AAGTATACACAAATTGTAAAAAAGTCTGAA	0.455879569
AAAAAAAAAAATAAAAAAAAAAAAAAAGGA	0.984167039
TAAAAATAAATACCAACAATCATCAAAATA	0.896105528
TGTTACAGAATACGAGTGGCGGAAGAATGC	0.0296133216
AAGAAGAAAGTCGAAAAATAACAACATAAC	0.921668649
ATCGAAAGATTNAAAAGNGTAGAAGATAAA	0.791037321
AAAAAGGAAAATTCTAAAAGTTAAATGAAA	0.935740829
AATGTCCAACTCCAAAAGGGCTCGCGTTGA	1.46432494e-05
AACAATAAAAAAAAAAAAAAAAAAAAAAAT	0.979904532
TGAACCCAGAAAAAAGTAAGGGAACAAACA	0.887505114
AAAACTTCAGCTAAAAGTGCAAGAAAATAA	0.555430889
GAACCATGCACAGAAAACCTAATGGGTATA	0.14375186
ATCAATGTACATAAGTATAAATCACAAAAA	0.217189521
AAAAAAAAAAAAAAAAAAAAGAAAAAAACA	0.971485496
CAAGAATCAAAAAAAAACCTAAGAAAAGGA	0.967044473
AATAAATAAAAAAAGTAAAAAAAAAAAAAA	0.986332834
CGATGTGAAAAAAAAAAGTTGACTAATATT	0.941536367
AGGAGCATAATCAAAAAATAGTAGAAACCG	0.692237437
GAAGTAAGAAATAACACAAAAAAGATAAAA	0.914183497
TAANAGATTCTAAGNATACATCGTNTGTNC	0.293680757
AACTAAAAATTTAGAAATAGACAATAACCA	0.901046336
AAAAAAAATAAAAAAAAAGGATTAAAAAAA	0.986060143
AACAAAAAAAAAAAACAGAAAAAAAAAACA	0.983189702
AAAAACAAAAAAAAAAAAAAATAAAAAATA	0.97301811
AAAAAAGTTAAAAATTAAACACCCTAAAGT	0.944643915
GCTACGGCCTAAAAAAAACCAAAGGTATGG	0.453385741
ACAAAAAAAAAAAAAAAAAAAAAAAAAAAA	0.969325662
GAAAAAGCAAAAAAAAAAGAAAAGAATAAA	0.978542447
AAAAAAAAGACAAAAAAACACAAAAAAAAA	0.980814815
CTGTGGTAAAAACTCCAGCTAAAAAAGTAA	0.731476009
ACAAACAAAATTCAAAAGCAGAAAAGTCTC	0.881067932
AAGCGAAAATAAAAGAAGAAAAGATTATAA	0.948192418
AAAAAAATAAAAAAACAACAAAAATAAAAA	0.975655973
AGAGTATAGAATAACGAAAAAAACAAGCCA	0.823978126
TCACAAACAAAACACAGAAAAAAACAAAGA	0.879381299
AGAAAAAAAAAAAAAGAAAAAAAGAGAATG	0.981748521
CACTCAANGACAATCAACGATTNGNTTNNA	0.0452202335
AAAAGAAAGAAAAAAAACAAAACGAAAAAA	0.97384733
TAAGAAAANAGANCNAAACNTACGGTACGC	0.941869676
AAAAAAAAAAANAAAAAAAAAAACAAAAAA	0.963558793
AAATTAAAAAAAATAAAAAGAAAAAAAAAA	0.987775445
ACAATCAACATAATTAAACGGAGTTTAAGA	0.244087651
ACTTTCAAAATAAATAACGTGCAGTCAACA	0.528023422
AAATACAGCAACTTAAAAAATCAAGATAGC	0.488379925
AAAAAAGAAAAAAAAAAATAAAAAAAACAT	0.977689564
AAAAAAAAAAAAAAAAAAAAATAAAAGTAC	0.983382642
AATATAGGGCGAAAAAGGAAAAAGATTAAG	0.790677309
GAGGAATNNANAGCAAACAANAGNAAAAAN	0.709304392
AGGCCNACATAGTAGAATATTGGAAATTAA	0.0365152992
AACAAAATGAAAAAACAAATAAAAAAAAAA	0.988665462
ACACAAAAAAAAATAAAATAAAAAAAAAGA	0.983465195
GACGACAAANACANNAGAAAAGCAAAAAAA	0.69969523
CCTACNNCANACCTAAGANAGATTAAAAAA	0.267166197
GATCAAGAGTATTCTCTCCTAAGAGACAAC	0.0994443744
ATGACAAAAAACCAAAAAAGCGTAAAAAAG	0.89238745
AGGAGAGTGAACATAAAGCAGAAAAAATGA	0.763184965
AAAAAGAAAAAAAAAAAAAATAAAAAAGAA	0.976941526
AAAAATAAACATCCACTCAGAAAATAAAAA	0.894756675
ATTATTAAATCGACCCCTTACGCGAAGAAA	0.241134271
TAAACAACAATAAAATATCAGAATAAGAAA	0.851289868
AAAAAGCAGGAATAAAAAAACGCAAAAACT	0.967913806
AAAAAAAAATAATCAAAAGGTAGAAAAAGA	0.981919825
GAAATATAAAAAAAAAAAATAACAAGACAA	0.985262394
AAAAGTCATCCAGAAATAATAATGAAGAGC	0.321747482
ACACGTTGACCACATGCATAAAACATAGCT	0.145966947
ACGAAGATAGATATAACCAGTAATCTCGTT	0.135820821
ACACAATAATCAAAAAAAAAAAAAATAAAA	0.960241497
AAAAATAAAAAACTAAGATAAAAGAAAAAA	0.98170346
GTTAAAATAATTTCAAACATATGACAAAAG	0.608032107
AAAGAAAACAAAAAAANNAAAAAAGAAAAA	0.941663504
ANNAAATACAACCCTAAAANCNGGTACAAA	0.752855062
AAAAATAAACAAAATAAAAGAAAGAAAATA	0.968811214
AAAAAAAATTAAAAAAAAAAGAGAAACACA	0.994257033
TTGGTCCAAACGTACGCCAAAATAAAAGAC	0.107539393
AAATGAAAAAAAGAAATAAAAAAAAATAAA	0.977217019
AAAAAAAAAAAAATAAGAAAAAAAGAAAAA	0.979889333
AATAGAAACCTAACCAAGAAAGGTGCTTTA	0.199123219
GTAAAAAGGTGGTCCTCAGTCAGCGACCTA	0.0521788783
ACTAATCGAACACAAACTAGAAAGAGCGCA	0.248291925
GAAATAGAAAAATAAAAAAAAAAAAAAAAA	0.987132788
GCACTAACTAAAAGAGACACANAAAANGAG	0.732771218
AACATAAAAAAAAAAATGAAGAAAAAAAAA	0.977458119
CAAAACAAAAGAAAAAANAAGAAAAAACCA	0.985340655
GGCGAATAACCAACAGGAGGTACNANAGNA	0.0759085044
GAACGAAAAGCAAACTAACAAAATATGCTA	0.65088433
ACTAACAAACCTCTTANGGAATANAAGAAN	0.597169936
CTATGTGAATACCGGAAGATAGAAAGTCAG	0.0754272714
AAAAGAAAAAACGAAAAAAACAAGAAAAAA	0.965482056
AAAAATAAAAAGAAAAAAGAAACATGACAC	0.982788742
ATAAAAAATAAAGAAAAAATAAAAGAATTT	0.984271944
ANACGNCNATCAANAAAGNTATTACNACAA	0.454079419
CTCTTTAGATTGTCAAAGATATGAATAGTT	0.0220539533
AAGAGAAAACAGAAAAAAAAAAGAAAAAAA	0.975262105
AAAACAAAAAATAAAAAAAAAAAAAAAAAG	0.983291566
NNCAAAANATNCNCNGTATANNNTAAAGTA	0.866047323
AAAGAAGTAGAAGAAGAAATACGATAAGTA	0.944689631
ATATAAAAAAAAAAAAAAAATAAAAAAAAC	0.982242227
AAAAAAAAAACAACAAAAAAATAATCAAAA	0.980083108
TCAAAAAACCAGACTAGGGTGACAAATTAA	0.840457678
AGACGATGGAGAGGCTTGCCGAAGGGATAT	0.000513591862
AAAAAAAAAAGACAAAAAAAAAAAAAAAAA	0.97641331
AAAACAAAAAAAAAAAAAAGAAAAAAAAAA	0.954200327
TAAAAAAAATGCTAAAATAAACACTAAATA	0.972194791
AGAAAAAAAAAAAAAAAAAAAAAAGAAAAG	0.965842307
AATAAAAATAAAAAACAAAAGAATAACTAA	0.971775591
ANAAANNANGATAGAACTTTGATGAACACG	0.856054127
AAAAAAAATAAAAAAAAAAACAAATAAAAA	0.985846341
AATAAAAAAAAAAAAAAAGAAAAATAAAAA	0.976123393
AGAAAAGATAAAATAGCCCAGAATAAGAAA	0.954906821
AACTCAAACGTCCCAGACTAAAAAAAAAAA	0.290188193
CTAAAAAAGCTTTGCTCACTCAAAAAAATA	0.92448771
AAACCAGTAACCAAACAAAGTTCCAAACAT	0.253973216
TAAAAAAAAACAAAATCAAAAAAAAACAAA	0.979242682
ATGATCGAAAACAAGGAGGGACAAAAAATT	0.590527713
AAAACCAAAAAAAAAAAAAAATATAAGAAA	0.980288029
ACGTAAAAGAGAAAAAAAAAGAAAAAAAAA	0.993060708
AAGAAAAGAAGNTTAAAAANAGANATATGA	0.985306501
AAGAAAAAAAAAGAAAAAAAAAAAAAATAA	0.977364719
AAAACAAACAACTCGCAAAAAAAAAAAAAA	0.910188615
TTGTTTTTACAGTAATTCAACCATGGTAAA	0.000285205082
TAGTAAACTTAGATTCAACAAAAATAGTCA	0.216388449
ACAAAACAACNACAAACGAGANANAAACAG	0.889681458
AATAAAGAGGAAAAAAAAAATAAAAACAAA	0.991685688
TAAATTTGACGAGATTAGAAGAGAATGCCC	0.0993036106
GTCGATCCTAAATATAGAGCTAAAAACCAG	0.0207837373
AAAAAAAAAAACGAAAAAAAAAAAAAACGA	0.966991186
TACAGCTACTCTACTAACAAAGAAGACCAC	0.100374237
TAGCAGATAAAGNNNCTAANNAGAGNGGCA	0.4124735
AAAAAAAAGAAAAAAAAAAAAAAACAATAG	0.980760336
AAAATATCAAAGAAAAAAGAAGAAAAAAAA	0.94878602
GATGCAAAAGACAAGTTGGTCAAAGTAAGC	0.445972264
AAGGTTATGNNTAATCAGTNANACGANNNC	0.0187771358
AAATATAAAAAAGNAAAGGAAAAAAGAAAA	0.976261139
AATAAAACAAAAAAATAAATAAAAAAAATA	0.977779508
AAAAGTAAAAAATCTAAAAAATAAAAAAAG	0.931510389
AAAACAAAAAAAAGAAGAAAGAAAAAAAAA	0.958542049
AAAAAAAGAAANAAAANAGAAANGAAGAAG	0.955151975
AAAAAAGAAAAAATAAAAAAAAAAAAAAAA	0.98506701
CTCCCCTGACACGACTGCAATCTGATAAAG	0.000499177608
TTAGCGAGGGCGACATGAAGAAAAATATAG	0.183818161
AAAAAAATATCAAAACAAAATGAAAAACAA	0.973011315
AAAAAAAAATAAAAAAAAAAAAAAAAAAAA	0.975795686
TAATCACAGTAAAAACCAAATTAGANNAAG	0.223828509
TACATTAAAAAAAAGCGACAGCTATATTAA	0.839942336
AGAACNCATACTACNNTAAAAANAGTAAAG	0.396911383
AACACAAACATATAATCAAGAACATAATTA	0.604638696
CCAAAAAAAAAAAACGAAAAATAAAAGAAA	0.994623184
CTGAAAGTAAAAAAAGAAAAAGCAGCAACA	0.971530616
AAAAAAAAAAAGAAAAAAAAAAAAAAAAAA	0.97951746
AAAAAAAATAAAGAAAAAAAAAATATAAAA	0.98528105
CCAGAAAAAAACGCATAACACAATCACTGA	0.903148174
AAAAAAAAANATCCNCNAAGAAAAGAAAAG	0.952187896
AAAAAAAAAAAAAAAAAAAAAAAGTAAAAA	0.97273761
CAAAAAAATNAAATAAAAAAATAAAAAGTA	0.990120769
AAANTGAAGNAAGNCCAACAAAAAGCGNTC	0.810695469
AACAAAAAGGGTACGGTAAAAGCAAAACAA	0.961189568
AATAATAAAAAAATAAAAAAAAAACATGAA	0.982071459
AAACTAAAAAAAACAAAAAAAATAGAAAAA	0.966922104
AAAAAAAAAAAACAAAAAAAATCATAAAAA	0.986622632
AACAAGACCAAAAATAAAAAAAGAAAAGTA	0.944043934
TCGGAGAAATGAAGCATTAANAACANAGAA	0.521201551
TATGCTAAATGTGAAATAGTCTAGCAAATA	0.0238191076
GTAGCAAACAACTATCAACAAAAATAAGCT	0.372287095
AAAAAAAATAAAAAAAAAATAAAAAAAAAA	0.983285844
AAAAGAAGAAAAACACAACAAAAAACCATA	0.951913714
AAAAAAATATATGCAAAAAAAAGCATACTT	0.972822905
AACCAAAATGAAAAATAATGAGAGAGGAAA	0.936426938
CAGGAATAGATCAGTGGAGAAGTCGACAGC	0.0299317911
AAAAGCAACAAAAGATAAATAAATATAAAC	0.889362276
AAGATAAAAAACAAACATAAATAACCACGA	0.94622916
TAAGATAATACGTAAGTCGACAGAAAGTCC	0.21175012
AAGATACGAAATAAACAAAAAAAAAATAAA	0.933484614
ACAAATAAACAGAACAAATACAAAAAAAAA	0.844998538
ANGCAAAANAAAAAAAAGACTCANAGNANA	0.979950547
ACAGAATTAAAAATACCAAAAAACAAGGAA	0.856471717
AAATAAAAAAATAACAGAAAAGCTCCATGA	0.969745517
CAACGATAAAATTCCCTGAAAGTGGGTAAC	0.460985363
AAAAAGCTACAAGAACCAAACCGGAGGAAC	0.588147581
TAGAATAAAATAATATCAGATCAACAATAA	0.891928852
GCATAACTAGATTAACTAATCGTAATTTAA	0.0516841114
AAAAAAAAGAAAAAAAAAAATAAAAAAATA	0.977833092
TAAATCGGGAGCGATTAAGTCGGTACCTAC	0.000741927535
CAATAGTGCGTATTACAACCCATAAAAGAA	0.46020937
AACAATCTAAACAATAAAGAAAAAAAAGAG	0.89513123
AAAAGAGAAAAAACAAAACACAACTAAAAA	0.949378192
AAAAAAAGGAGAAAAAAAAATAAGAAGAAA	0.991962016
AAAAAAAAAAAAAGAAAAACAAAAAAAAAA	0.976387978
GAAAAATAAAAAGAAGAAGGAATAAGAAAG	0.987429678
NAACAAAAACACTAAAACGGTNAATTGATA	0.731725454
TATCCCTCAAGTAAGACACGAACACAGTCA	0.0199917462
AAGATAAAAGAAGTNAAACAAAAAACANAG	0.929400384
AAAAAAAAAACACAAAAATAAAAAAAAAAA	0.980642855
CAAAAGAAAAAAAAAAAAAAAAAAAAAAAA	0.983711421
ATGAACCCAAAATAAGAATTAAAATCTGAC	0.501722157
AAAGAAAAAAAAACAAAAAAACAAAAATAA	0.966221869
TTATCAAGATCATATAGATCCGAAAGAAAA	0.203604683
AGAANCAAAAAAAAAAAACAAGAAAAAAAA	0.947483838
CAATATATAACAAAAAAGAAGGAAATAAAA	0.922796309
AAAAATACAAGAAAAAAAAAAAAAAAAAAA	0.991551161
GAAGCGCCAAAAATGCGATGATGGAGAATA	0.0546636768
AAACTTAAACAAAAAAAAAAACAACAAAAA	0.9369542
ACAGAATTAGATGCAGGTAGTTATGTAGTG	0.0265888944
AGACAAAACNANATAAAAAGGAATAACCGN	0.925206006
AAAAAAAAAAAAAAAAAAAAAAAAAAAAAA	0.954449415
AGAAAAGAAAGGACACACAACGCAAAGGGA	0.932864845
AAANAAGAAAGAAGAAAAAAANAAAGAAAA	0.956911743
GTAAAAAACAAAAAAAGAATCAAAAAAAAA	0.964644551
AAAAGCTGGGCCAAAAAGAAAAAATAAAAT	0.755464077
AAAATTAAATAAAGGAAAGACACTCTTGAT	0.856083751
AAAACATCTGAAAGCCAGGGGGAAAAAACA	0.94184041
AAATCATAAACAAAAACAAAAAAAAAAATA	0.904030085
AAAAAAAAAAAAAATAAAAAACAAACCAAA	0.977928698
AAACGTACTCGCTAAAAAGCGAAGATCTAT	0.0591804162
AAAAAAAAATACGAAAAATATAAGAAAAAC	0.977656007
TAAAAACTGCAAGAGCATATAAATAAAGGC	0.536852777
AGATGAAAGGAAGAAAAAGATCAGCAAACA	0.921050966
AGAAAAACAAAAAAATAAAAAAACCAAAAA	0.971866906
AAGAAATGACTCAAANGGAAAACCTATACC	0.591107726
ACGCTAAGCAAAAAAAAACATTACTCGCAG	0.749573708
CGGTTAAGGTAAAAGGTTGAGGAGTGTAGA	0.000761793926
CATATGACATTAACTTATAATGTCTATAGG	0.00537409727
TCAAAAAAACAAAATAAAAAAAAACAGAAA	0.968123496
AAACAACAAAGAACCAAAAAAAAAAAAAAA	0.939910591
AATGCAAGTGTCACTGGGCGAGGTAAATTT	6.41624065e-05
AAAGAACATAACACGAGGAGCACGAAGGAA	0.62957257
TAGAGAAATAAATAATACAAAAAAATAAAA	0.919787586
TAATAGCTTCACCGAAATAAACGAACTGGC	0.27106145
AACCACATAGAAAAAGTCATTAAGCCAAAG	0.606729686
CATCAAAAACATAGAAAAAAACAAAGGAAA	0.938449204
TGATAAAACGTGGGACAAACGCCCTTGAAT	0.438752592
NTANGACATAGNCAANTCACTTTGCATTTG	0.0312032513
CAACAAAGTAAGAATAACAAAGAAAAAATC	0.950533867
NNNAGAGAAGANAACAAAAAANAGAANANC	0.956502795
AAAAACACAAAAAAAAAAAAAAAAAAAAGA	0.973485827
AAAAACAAAACAAAAGGCAACCAAAAAAAA	0.855305314
AAAAANAAAAAAAAAAAAAAAAAANAAAAA	0.92837429
ACCAAGACAACAAANCAAAAAAAAAAAAAA	0.928953409
ATAAAACTGATCAAAGAAGGAGAAATTATG	0.6749928
TATCAATCTACATGATAAAAGAAACAAAAA	0.362287551
AAAACAGAAAAAAAAGCGGTCATCTGGGGA	0.927065432
TTATGACAAATAGATCAATTATAATAAGAA	0.229869664
CAGGCCTACAATCGAAGAAACAGACAAACC	0.131150603
AAGAAGCAGAATACAAAAAATTAAAAAACA	0.914623141
TATTAAGAAAAAAATAAAAAAAGAAAAAAA	0.969907522
AAACACTTAAAAACGAACAAAGAAAGAAGA	0.792612553
AATAAAAAAAATAAAAAAAACGAAAACAAA	0.990190387
AATTCATAGTTAATTGCACATGCCAAAAAA	0.131635532
AGCTCTAACAAAAAAACAAACAAAATATGA	0.779016435
AACACAAAAAAAACGACAATAACCATACCA	0.925415337
ACCCGGCTAAAAGATAACCAAAGTCAAGGA	0.22803922
CAGATAGTTAAAAAAATATAATAATCACAT	0.824356735
ACCGGAACAATCCGTTGTATTAAGACCAAA	0.0471794419
AAAATAAATACCAAAAAACAGGAACCAAAT	0.938931465
AGAGGAAAGNCAATGTNAGTAAAGGCATAG	0.274647743
AGTAACCCAAAAAGAAAGAAAGATGTAAAA	0.850545585
AAAAAAAAAAAAAAAACAAAAAAAAAACTA	0.972431242
AAAAAATAAATATANAAAAGAAACAAAATG	0.986074507
AAATACAAAACAGAGAAACATAAATTCAAC	0.748100638
AAAAAATAAAAAAAAAAAAAAGATAAAAAC	0.986052155
AAAAAAAAAAAAAAAAATAAAATAAAAAGA	0.975981772
AATACAAAAAAAAAAAAAACAACGAAACAA	0.977973044
GCGCACAAAAAACAATAAGTAGAAAACAAG	0.879159749
AATAAAAAAAAAAAAAAAAAAAAGAAAAAA	0.969339848
AAAAAATAAAAAAAAATAAAANTAAAAANA	0.980135798
AGTGAAACACCAGCGAGATATTGGAGCAAA	0.0101363948
AAAAANCAAAAAAAAAAAAAAAAACAAAAA	0.96170938
CTAGTTATATAGCATAAAAAAAAAATACCA	0.648398101
AAAAAAAAAAAGAAAAAAAAAAAAAAAAGA	0.977609277
AAAAAAAAAAAAAAAAAAAAAAAACAACAA	0.973569632
GACACAAAAAAAACCCCAAGGTAAAATAAG	0.94384402
ATAAATAGAGCAAGTCTATCGCTATATAAA	0.114389054
AAAAAAAAAGAAAAAAAAATAAACAAAAAA	0.968686044
AAGAAGAGCATTATACAAATCAGAAAGAAA	0.693298578
NACTAAGANGNANNAAGCAGNCAAGAAAAA	0.87733227
CTTCAAAAATTGCACTATATTTTGAGATCT	0.12802358
TTAAAAAAANGATCAAAGNANATGAAAAAA	0.952564418
GGGCCAAATAGAATTCTACAATATTATATA	0.0662623346
AAAAAAAAAAAAAACAAAAAAAAAAAAAAA	0.97830385
ATATAAATTAACAATAAAAAAAAATAGACA	0.909699082
ATTAAAAAGGAGAGTAAGGAAATCACTCCG	0.214671671
AAACAAAAAAAAAGAAATAGTAAAAGAAAG	0.983402848
AAAAAAAGCGATCAAAGAAACAAAAATATG	0.871643484
CAGTGAAGTGTAAAAGACACAGACACAGAA	0.382905006
ATATGGATCGAATACGAAAAAGAGAAGATA	0.387876779
ANTAAACATTCAGNNGATAAAGNAAAACAC	0.532325387
CACGCGGAACGAACATTAATATAAAAACTA	0.180074692
AAAAAAGTAACAGAAGCAGTTTAAAAAATG	0.938636959
ATACAAAAATGCAGCGCCAGGAACAGAGGA	0.589828074
AAAAAAAGAAAAAGGAAAAAAAAAAAAAAG	0.973499358
AAATAAAAATAAACTAAAAAAAAATAAACA	0.957717896
CACATAATCTAAATCGTGTAAAATAAAAAA	0.377521724
ATAAGAGAGGAGCGCAAATAAAAGTTCAAG	0.409991533
CGAAACGCCTGACAAAACAACAGTGCTTAC	0.218418777
AAAGGATATCACTTGCAGAAAGAACATAGG	0.377374709
AAAAAAAGAAAAAAAACAAAAAAAAAAAAA	0.974272132
AGNAACNTTAGNNGTCGTCAGANATNNAAC	0.0522703379
AACATACAGAAAAGAAAAACTAGGTAAACA	0.919887245
ATAAAACACATACTGAACGTAAAAAAACAA	0.752125144
AAAAAAAAAATAAAAATCTAAAAGAAAAAG	0.986323357
AAAATAGAAAACGAGAATAGGCGAAACAAT	0.924562573
NATAAAAGANACATANCAAAGNTCNAAAAT	0.85204649
CAAATGAACACAAAGACGAATGACAAGAAA	0.753571689
TGAAAAAGACGAAAAAAAAAAAAAAAAAAA	0.993039846
AAAATAGTTAAAANNAAAAATAAACNAAAG	0.9751091
GCTAGTAAGGGCAAGTAAGTACGGAAGAAA	0.196118861
ATTATACTCAAAATAATAGCTGAAGAAGAA	0.403167397
NTATACAAAAGAAAAAAAAAAAAAATAACA	0.975727141
ACAAAAAAAAAAAATAGAAAATAATAAGAA	0.992052436
AAAAAAAAGAAAAAAAAAAAAAAAATAAAA	0.9665277
AAAAAGAAAAACAAAAAAAAACAAAAAAGA	0.964645207
AAAACAGAAGAAGACCTAAAAAAATAAATA	0.913617849
ACAACAAAAAAAAAAAAAAATGATATAGAA	0.984264314
AAAAAAAAAAAAANAAAAAAANACAAAAAN	0.960811615
AAAAAAAAAATTCAATCAAGGACAAAAGGA	0.965959966
AAGAATAAAGCTTCCGTATGATATGAACAG	0.703040302
GTAGGANTAATNGNAGGTACATNCANTNTG	0.0117891589
GGGCAATATAAGCTGGTCCACCTCCCCAGC	0.0258253329
AAACAAAATAACGTACAAAAAAGGAAAGAA	0.946906328
AACTACAAATCCCAGCAGCAAGACCAGTTA	0.0125560891
GAAAAGTTATCATCACAACAAAGGAGTAAG	0.306709439
AGCATGACAAACGGACTGATTAGGATACTT	0.0183455814
GATAGAAAANTAAACGTAATANTNTTAACA	0.788174987
AGATAAACGACCAAAAAAATGGATCAAAGA	0.761243343
TAAAAAAAACAACAACAAAATAAATAGTCT	0.966144681
AAGACAAAGAAGAAAAAAAAAAAAAGAACA	0.979625225
AAAAAAAAATAAAAAAGAAACGAAAAGCAA	0.972636104
ACATATACNTAGCNAGTGNACANAAAGGCA	0.153973892
NGNCATATAAATNNAATCGAAAAACTTAAG	0.247726157
NAAAAAAAAAAAAAACCAAAAAAAAATNAA	0.974943161
CACTATCCACCTCAGAAGTAACTAAATCGA	0.0522373691
AAAAAAAAAAACAAAAAAAAAAANNANACA	0.953653634
TAAAGAGGGACAACTAATAGTACGAGACAA	0.215623274
TAAAAAAGTAAGAGATTAGTCAAAGTAAAA	0.957878351
AAAAAAAAAAAAAAAAAAAAAAAAAAAAAA	0.954449415
AGAAAAAAAAAAAATCTAAAAAAAAACAAA	0.980795681
AAAGAAAATTTAAATAAATGAGAAGAAATT	0.96463877
AAGTGCTCCCCGTACGGGAGGTCGGAACCA	8.5833129e-08
TTAAAATGAAACAACTAACGCCATTACAGA	0.540289402
AAATTAATAAAAAAAAAATAAGAAAAAAAA	0.968680441
GAGCTGAACGGTGGAGCTTGATTGTTAGAA	1.06725702e-06
CAAAAAAAAAAAAAAAATAAAAAATAAAAG	0.988125443
AAAAAAAAAAATAAAAAAAAGAAGAAAAAA	0.984934807
CGAAAAAAAATAAAAAAAAGAAAAAAAAAA	0.989685595
AAAAACATAAAAAAGATNTAGAAGNCGGNG	0.976967692
AACAGAACCGAAAATATCCGGAAACACGAG	0.415433019
AAAAAAAAAAAAAAAAATAAAACAAAAAAA	0.972675443
GACTATTAAACCTATAACATACAAACAACA	0.264697999
TCAAAATAGACGTGCTAAGATAAAACGAAA	0.660049677
CAAAATAAAAAAGAAAAGAAAGAAATTAAA	0.991711259
AAAGAAGGACATGAAAAATGTCAAAGTAAA	0.813533545
TGATTAAAAATACACGTCAACAGAAAACAG	0.547969639
AAAATGCAGAAAGAAGAAAAATANAANGAA	0.9482072
AAAAAAAAAAAATGAACGAAAAATAAAAAA	0.970043123
AAAGGCAAAGAAATCACAAGTGACCTAATC	0.622169793
AAAAAAAAAAAAAAAAAAAAAAATAACATA	0.973043501
AAAAAGAAAAAAAAACAAAAGATAAACAAA	0.981222689
AGAGTCAGTGCAACGGAAAAAATAGAAACA	0.371607304
ANAANAGAANAAACAAAAAAAAAAAAAAAA	0.957702816
CAAAAATAGAAACAAAATAAAAGTGAATTT	0.986174703
ATAAAAAANTANACTAANAGCNNCTCATAA	0.948425055
TTGAAAACCAGAATGAATCTCGTTAAACGA	0.128256962
ACAAAAAAAAAAAAAAAAAAAAAAAAAAAA	0.969325662
ACATAATACATACACCCACAGGGATTGACG	0.0847175047
AAAAAAAAACAAAAACAACAAAATAAAAAT	0.966349542
AAAAAAAAAAATAAATACCAAAAAGTAAAA	0.976747096
CTGATCCATNANAGATGANCGAGAANGAGA	0.0340295546
AAAAAAAAAATAAAGAAAAAAAAAAAAAAA	0.983650744
AAAAAAGAAAAAAAAGAAAAACAGAAAAAG	0.984641731
GAGCAAACTTTAAATGTTTCCAAATATATA	0.0612712726
ACTAGAACAGAACGGTAGCCCAGCCAGGTT	0.0954490528
AAACAAAAAAAAACAAAAATAACGAACAAA	0.972533047
TACAAGAATGAGATAACTATTGTCAACGCC	0.345716566
CGGACAACCATAGATACAATAATCGAAGAA	0.124612615
TAGACAACAGAAGTTTTACATATAAACTGG	0.119700521
AAAGAATAAACAAAATACAACTAAAAAGAA	0.944972813
GCCAAAAATCGGAGGCAATAAAAGGCCTCG	0.68842876
AGAAAGTAAAAAAAAAAAAAACAGAAAAAA	0.982382119
CGAACAAATAAGAAAGAGAAAAAAGATACC	0.973375916
CNANTANGAAGAGNNNCTAATANAATGTCA	0.477995008
AAAAATGCAAGAAAAAAAAAAAAGAAGAAA	0.989653289
GTAAAGAAATGAAAACACACCACTCGCGAG	0.971382201
CAGACAAAACNGTCTAAAAATAATAAAACA	0.732181907
CCACCAAAGGACGTGATAAAACTTCACTGA	0.37004292
AAAAAAAAGGAAAAAAAAAACCATAAAAAA	0.988408148
AAAAAAAAAAAAAAAAAAAACAAAAAAATA	0.963311136
AAAAAAAAAAACAAAAAAAAAAACAAAAAA	0.967731118
AGATAGGAGTCATGAGTTAAAAACCACAGC	0.0176202953
AANACCAAANAAAAACCNAAAAGCAAATAA	0.928797185
AGTATGTACACCAAGAGATGCCTCAGCAGA	0.00711295102
AGCGTCAAGATGAATGATATAACTCCAGGT	0.00759575842
GAAAAAAAAAAAAAAAAAAAAAAATAACAA	0.979904771
CAAAAAAACAAANCAAAAAAAAAGAACAAA	0.982203245
AAATAGATGGACTACCAAGCAAAACATTAA	0.249314055
AGGATTATNAAAAAANGCTATTTAACANCG	0.882800519
AAATAAGTAATAAACTAGGAAGGAAAGACA	0.796278536
AAATACAACAAAAAAAAGTAAAAAAACATA	0.940688968
AAAAACAACAACAAAGAAAAGAAAAAAAAA	0.956189871
CCACACAAGTCAAAAAGTAATAACAAAATA	0.651055515
GAATGAAAGAGATTTTAAAAAATTCGATTG	0.916034937
CAAAAAAAAGAAAAAAAACAAAAAAAAACA	0.988460064
AAACAAATAGTACAGTAGAGTTGCAATGTC	0.791707814
AAAAACTTATAATGAAAAAAGATAAGACAA	0.925432622
CTAAGGATAAGAATGAGGGAAACAAGACGG	0.572473824
GACAAGGAAGCAGAAATAGCGAAAACTAAA	0.720764697
AAAAAAAGAAAAGAAAAGAACCACAAATAA	0.97298491
GAATAAAACCGAAAAAATAAAAATAAAAAA	0.962362707
AAATAGCTAGAGCAGAAAATTAACTGAAAA	0.216721386
AATAAAGCAATAAAAAAAGAAAAGAAAAAA	0.977033794
GATCAAAGAGACACACCTTTAAAATTCAAA	0.193925783
AAACAATAATAAAAGCGGCAAACCGCACAC	0.792952657
AAAAACNACAAANTANTANACACAGANTAA	0.853725374
ACTAAAAATTAAAGCGAAGATCAAAACAAA	0.735342085
AAAAAAAAACTAAAAAAAAAAATTAAATAA	0.987160206
AAAAAAAGAAACAAAAATAAAAAAGAAACA	0.960516095
GAAAACAAAAAATAAAAAAGAATGTAAACA	0.976082385
CTCCATATGAATAAGAAACCAAAATGCAAT	0.43490538
CTAAATTAAATCAAATAGAATTACAACCTC	0.580584049
AAGTCCCATTTACAAAGAAGAGGGACTAAG	0.0967383534
AAAAAGAAAAAAAAAAATCAAAAAAAGAAA	0.981396914
CTCCTAAACTATGAACACTAGCTAAACACC	0.0468818881
AATAAAAAAATGTCAATGAAGAAAAAAAAA	0.915194333
AGAANAACANAAAAGAAAAAAAAAAAAAAA	0.979777813
TAAAAAAAAACAAAAAAAAACAAAAAAACA	0.985696435
AAAAAAAAAAAAAAAAAAAAAATAGAAAGA	0.977184594
ATTCTAGAAGTGCTAATTCTCATGACAAGC	0.00894684624
GAAATAAAAAAAAAAATAAAAAATAAAAAA	0.977409005
AAAAAAAAAAGATATAAAAAAAAAAACTAC	0.973439395
GTACAAAAATAAAGTTCAATAAAATAATTG	0.847062051
CCATGCTTACGAATCGAACTAGAATAATGC	0.0577319227
GCTATTACGGACATCTCAGAGTGATGTTTA	4.75554552e-05
CTGAACAATCCGAGAAAAAAATCTAAGAAC	0.704108894
ATCTTAAGAAAACAACGAAAAATAATCATC	0.759587884
CCGACGTATCCTGAATCACACAAACAAAAC	0.111966535
TAAAGAAAAGATAAAAACAAAAAATAATAA	0.983338177
AAAACAGAAAACAAAAAAAGAAAAGATGAA	0.94356966
GTCCAAAATTGATAAAAGTTAACCCCAACG	0.417237431
AAAAAACAAAAAAACAAAGAAAAAAAAGAA	0.956942439
TAAAACTTCCAAAGTAAGGGAACAACAGAG	0.236609489
GGCACCATAGGTGAAACATAATACATACAT	0.0892342627
AACAAGAACAAAAAAATAAAAAGAAAAAAA	0.963706255
GAAAACACACATAAAACTTATAAAAAATAG	0.833501697
CGAGTTAACTACACTAGGACACTGGGCACA	0.00886604469
GAACAAGCACTAACAAAGAAAGAAATAGAA	0.644883811
TGGAACGTACTGAATAACAGAAAAAAAAAA	0.500169277
AAAAAATAAAAAAAACAAAAAATAGAAAGA	0.985562801
TAAAAAAAAGCAGAGATGATAAAAAAAAAT	0.981236219
AAAAGCACAACAACGATTCAAAAAACGAGA	0.553369045
TACGCAAANTANGCCCCAGANCTANTGAAA	0.201726392
GGCAAAAACTAAAAAATAACAGAAGAAAGA	0.95229578
AAAAAAAAAAAAACAAGAAAAAAAAAAAAA	0.97551018
AAAAAAACATTCAAAGCGAAAAAAAAAAAT	0.942703903
AAAGAAATAGAAAAAATATCAACAAGAAAA	0.977203846
AAAAGAGACAGAGAAAACGAAAACAAAAAA	0.910489142
AAAAAAAATCACAATAATTGAAAAAAATCA	0.970901787
AAAAAAATGAATAAAGAGAAAAAATAAATT	0.983793199
AAATTGAGAAACAAAAAATAAAAAAAAAAA	0.915746331
AAAAAAAAAAAAAAATAAAAAAAATAAAAG	0.975713015
ATTTAGAAACATACAAAAGGTAAGTGCCAA	0.363318264
GAAATGGAAAAAAAGAAGGAAAAGAGTGGA	0.978806078
AAATAAAAACAAAAAAAAAAAAAAAAAAAA	0.975093901
CTCTATATTCTACTTTCCCTTGTGCAAGAA	0.000195992136
CTCCCAGCTTAAATTGTGGTACTAGAGGAA	0.000407247659
AACAAAAAAAAAACAAAATAAAAAAAAAAA	0.979973078
ACTTGGAAACAAATGCTAGAAAGGCATATG	0.40324977
GGNAAACAACAAAGGGNAACAGCAACTAGG	0.742546856
AAAGAAAAGATCAAAAAACAACTGGCAAGA	0.973560274
AAAACAACAANNAACTACAAAAGCAAAACA	0.878743351
TAGTCAAAAAAATAACATATACACAAGAAA	0.909649551
ACAAACAAGTAAGCCAAAAAAATGAACAAA	0.884632766
GGGAAAAAATAGTCTGTATGACAAAAACAA	0.946313381
ACGCTAGAAAACAAAGGGGAATTTATCATC	0.603518844
TCTGCACACCAAAAAATTGTAGACGACAGG	0.282081366
AAAAAAGAATGATATAATAGGAAAAGAACA	0.974076211
AATGATAAAAAATATGATTTAATAGAAAAG	0.905704498
GCTACAGTACAATACAAAAAAAAAATACGA	0.659581542
AAAAAAAAAAAGAAAAAAAAAAAAAAACAA	0.976313293
AAAAACAAAAAAAAAAAAAAATAATAAAAA	0.97779876
GGAACCCCACACAACATTAAAAAAAAGAAA	0.349488765
AAAAAACAGGAAANAAGTNAACACAAATAA	0.959697664
AAAATAGAAACAAAAATAAAAAAAAAAAAA	0.980767667
ACCCTCCCGACCAGCCGGAGATGAATCAAA	0.00323568354
AACCGAGCGTTTATCACCAAATCATGAGTC	0.030680269
TATGAATGAACCGTGGAAACCGATCGGAAA	0.0194543451
AAGGAAAAAGAAAAAAACAAAAAAATAAAA	0.959619164
AAAACACATAATGATCTACGTCCATTGTAA	0.561085761
AAAAAAATACGATGCACAAAATCTGACGAA	0.873740077
AAAAAAGATAGAAAAAACCAATAAATAGAA	0.991828084
GGATCAACGAACAAGCACGCCAAAGCAAAG	0.0725960881
AATAAAAAAAAAGNAAAAAAAGAGAAANCA	0.98603338
CCTNTACANCAATNAANNTCAACTNNAAGA	0.119719073
TAAGAGCACCATTAGTACCAAAGTTCGCAA	0.00856279861
AAACCAAGTGACATGCGAAAAGTAGACCCC	0.0305208713
AAAAAAAAAAAAAAAAAAAAATAAAAAGAA	0.971781135
ATGAAAAAAAAAAAAAAAAAAAAAAAAAAA	0.978654087
AAAAAAAAAGAACAACCCAACCAACAAGTA	0.96183145
AAAAAAAAAAAAGAAAANAAAAAAGAAAAA	0.979508638
AAAGGAAAAAATAAAAAAATAAAAAAAAAA	0.981679082
CTGAAAAAGAAAGAACTAATCGAAAAACAA	0.976165533
AACGCAGAAGTTGTACGAAAGAAAAAATAA	0.630120337
CAAATAAATCTAAAGTCAGGAAGCGAGGAA	0.805278182
ATCCAAAAAAAACAAAAAAAGAAAGCGAAA	0.952970326
ATAAAACTCAAAAAAAAATAAAAAAAACAA	0.970952928
CAAGTGAAGCAAGAGACGAAGAATCACAGT	0.395669341
TGAACTACTGACACAAAATGGGCATCAGTT	0.0416538566
AAAAACATAGAGAAAACAGTAAAAAAAAAC	0.945303261
ATATAAAAAATAGAAATATAAAAAAAAAAA	0.976660132
GGCACCCTGGTCATCAAATTTCACGCACAT	0.000992701505
AACAATAAAAAAAGAAAAAAAAAAAAAAAA	0.985026956
GAATCACTAACTATATCAGCCCATAAAACT	0.0887270793
AAACAANAAACAAAAAANANAAAAAACAAA	0.931835234
CGGTCGCGATATATCTAGACCCGGGGAGGT	7.90454237e-07
GGTAAAAGATAAAAGAGTATTCTAAAACAC	0.891825795
ATAACAACAAGGTCGTGGTGATACGAAAAA	0.377643764
ATTTTGACGGATGCATCCTTAGGCAAACTT	0.000515631924
AAATCGAACAATAGCTGTCGCAAAAAAAAA	0.488499194
ATAAAGAAAAAAAAATATTCTATATACCGA	0.983104885
AACACAATCAAAAATATGAAAAACCAACAA	0.815788269
TGAGGAAACAAAAAGCCCTGCCAGATAAAC	0.699269831
TATAAAACCAACACACGAAAGTTTAATGTA	0.267464608
ACANAATAAACANCGTATCAAATAAAAGNA	0.788317561
AAAGAAAAGAAAAAACAAGTAAAAAACAAA	0.981389105
TACATACGGATGAACTAAGGTAAAGCTAAA	0.0518069677
AAATAAAAATAACACCATTAACCCAGCTTG	0.861547947
AACAAATAACCTCAGAAAAGATAAACAAAA	0.807118595
GAAGGGCTTAAACTGGGACCAGAAACGAGA	0.0102173788
GGATATANANNGNACAATNAGTTACGNNTT	0.0978141949
CTAATTAGAGATAACAAGTGGACGTTACAA	0.16448538
CAGCTAAAAAAAAAACAAAAATTAACAAAG	0.952261329
AACAAAATAAATAAAAAGACAAAAAAACTG	0.98192066
ACGANACCTNATNCNCANNGCAAACTNATA	0.0578694679
AAAAAAAAAAAAAAAAAAAAAAAAAAAAAA	0.954449415
CTATAACATAAATAAGGAGAAAAATTGAGA	0.652454853
AAAATAAATATAGAAATAAAGGAACCGTAA	0.956400394
AGCGTTAAAACAGCGACAAAACAAAAAAAA	0.205107749
TAAGAAACTGAGATATCAAGCCCCTAACAG	0.45256573
TGAGGTGGCGAACAATCAAAAAAATAAGTA	0.277884513
ACAAAAAAAATAAAAAAAAAAAAGAAAAAA	0.983441651
TAAAAAAAAAAAAAAAAGAAAAGAAAATAA	0.990437448
AAAAAAAATAAAGAAAAAAAAATAAAAACA	0.988910437
AAAAAAGTAGAGATGAATAAAAAAAAAAAA	0.950473487
AGGAGCAAAAGAAAACTAGATATAAACCAA	0.91731137
ATTATCAGAATGGAAGCTGCGACAGCAATG	0.0010765387
TCAAGTTACTGAAACGAACACGAACACTTA	0.0261883475
CGAATAAAAAAATAGTTAATGAGAGAAAAA	0.979469657
ATCACGACAACCAGTCAAATACCACATTAA	0.0216751229
AAAAATATAAAAGACATACAAAAAAAACTA	0.950191617
CCGAATATTACTATAAAACGAGACAACTGA	0.334537685
TTCACTAAAATATCTCAGACAAGAAAGAAC	0.339897722
AAGAAACAAAAAAAATTGATAAAGAAAGAG	0.985763431
AGAAAAAAAAAAAAAAAAAAAACAAAAAAG	0.965928376
TGCCATATAAGAATAAAGTAACTCATCTTT	0.347911209
AATACAAAAGAAAAATAGACAAAAAAAAGA	0.977856219
GAAAAAAAAAAAAACAAAAAAAAAATAAAA	0.978523731
AAACTAAGAAACATAAGACAACGAAAACCT	0.736578345
AATGAGAAGAGCTAAATAAAGAAAAACAAT	0.853024244
ACCACCACGTGCGTAAGCAGAGAGACGCAA	0.00213748403
CAAACAAAAAAAAAAAAAAAAAGAAAAACA	0.985518336
AAACAAAGTTGATAAAAGAAAACAAGAAAA	0.903946221
GGCACAATAAATACATCGAATAAAAAAACA	0.713398755
AAAAAAAAAAAAAAAAAAACAGAAAAAAAA	0.975565672
AAACTAAGTTAATGATAACCCCGAAAAAAT	0.370016396
CTAAAGACTTAATTTAAAAATTAAGAAACA	0.237398952
GACGATAAAAAAACTTGGTAGCGACTGGTT	0.881786585
AGGAAAAGATAGAAAAAACAAAAAATAAAG	0.975123823
TCGATCTGTAAGCTTAGAAAATCGAGAAAA	0.373750806
GTAAACACTTATGACTGTGTGTATGCAAGT	0.00074233592
AAAAAAATAAAAAAAATAAAAAAGGAGAAA	0.98029089
ATAAAAGAAAAAGCAAAGTAAAAAAAAGAA	0.984504938
AAATAAAAAAAAAATAACAAAAAACAAAAA	0.975714386
AAACAANAAAAAAAAAAAAACAAAAATCAA	0.958467782
GGAAAAAAAAAAAGAATTCGGTGGAAGAGA	0.992659032
ATATTAAAAACAGAAAACAGTATAAAAAAA	0.865414858
AAATGCTTAAAATTTACCAAAAATTTACCT	0.0598205291
AAGAGAAATGACAGACCACTGAGGCCAAGA	0.216048405
AAAAAAAAAAAAAAAAAAAAAAAAACAAAA	0.957929075
AAAAAATAAAAAAAAAAAGAAAAAATAAAA	0.963693619
GAGCATTTANTTAAATCGAGNCCANAACAC	0.0632659346
AAANAAAAAAAAAATAAAGAAAAAGTTAAA	0.969947875
AGAAGTACAAGGAAAATCGAATTTTGAGGC	0.0479415171
AGAAACAGAAAGAAGTATCGCAAAAATTAG	0.892478108
AAAAAAAAAACAAAAAATAAAAACGAAACA	0.976537347
AAATAAACACATGGGAAATCACACGCAGCA	0.598906815
GAAAATAGATTAGCTAAGGAAAATGCCAGA	0.754792035
AAGCTACGTAATAGCCAAAACGAGTATAAC	0.0124566909
AAAANAAACAAAACAAAAAAAAATAAATAA	0.959666371
AGAAACATAAGAAAANTGANCAAAAAAAGN	0.973408341
ATCCGAACACTTAGAGAACTAAACCTATAA	0.0746934637
AGACAAAAAATAAAGAAAAAAAAAANAAAG	0.982486248
GATTCGCACTGCTAAATGGAAATCTAGGTA	6.26299152e-06
AATAAGATAAAATAAAAGAAAAAAAATAAA	0.971696138
ANAATAAAAANCAAAAAAAANAAAACACGC	0.959352195
AAGGGTACAGACGTTATTGAGCCCACAGTA	0.000429211126
CTACAACAAAACAGAAGCCGATCGAGAGAA	0.66255641
TAAGACCAAACGGCTGATGCAAATAAATAA	0.226433292
ATGAAAATGGACAATCCTGGGTGCTAGAGA	0.0224037655
TCCGAACACCAAACTGCAAACTAAACCATA	0.084835805
GTACAATGAGAACGTGGACAAGTAAAGGGA	0.0708953291
ANTANAGNAACAACANGGAAAAACATAAAT	0.680332541
AAGAAGAAACAANTATAAANANTTTTTGAN	0.929582179
AAAAAAGAAAAAACAAGAAATTTAACAAAG	0.990051806
AGACGAAAAAGACGTGCAAAAACGGCTTAT	0.885622561
AAAAAAAAGAAAAACAAAAAAAGACAAAAA	0.982811511
AGGTGNATACAAATGAAAATGNTNAANACC	0.214927971
ATAAANAAAAAAAANAAAAAAAAAAAAAAA	0.961234868
CAGCTCACCCCGTCTTGCGAAAGTGGAAAA	9.14810755e-07
AAAAGCCTAAAAAAAATAGAATACCAAAAT	0.896048903
TTGAAGACAAAAAAAGACACGCAGTAACAC	0.909091294
ACAAANNANGAACAACTGGTACATCANGAA	0.852709234
AAAAAAAAAAGCAAAAAAAAAAAAATACAA	0.955904722
GAAGGGCAAAAAAAGAAACCACACGAGGTA	0.932638526
ATAAAGAACAATGAATATTCAAAAGAACAC	0.822005093
TCAATAACAACAATCCAAAGACCAACAAGA	0.441119075
TAACACACTCAAGAAGCTCAGAGAAGATTG	0.0349213295
GATATAAAACATACCAAAAGAATAAAGAAA	0.718152463
AAAAAAAATTAAGGAAAAAAAAGACAAAAC	0.989335835
CTGGAAAAAAAAACAAGACTAAAAACACAT	0.981493592
AAATAAAACAAAAAAAACTAAAAAAAAAAG	0.97176218
AGGACGAAAAAAGAAACTAACCAGAAACGG	0.961877227
AAATAAAAAACAAAAAAATAAACAAAAAAG	0.966053665
AAAAAAAAAAAAAAATAAAAAAAACAAAAA	0.974921405
CTGAATAGATCAGACAAAGTAATTTTGTCC	0.106165037
CAGGAAGTATACCCAGACACCGAGAGTACA	0.0436400771
ANAAGAAGAAAAAAAAAAAAAGAAAAAAAA	0.967924893
ATGACAGAAAAAACACGACAACTAAACCAA	0.779701591
AAAGAAACAGAAAGAAAAAAAATGAAAAAG	0.978112876
TAAACCCAAGATCCGCTAATTATACTAAAA	0.0418199822
ATAAAGAGAAATTNACTAAAAATACANAAA	0.892835736
ATAACACTATAGAGTCACTAATCTGAAAGC	0.0456914604
TAACGGGGTATGATATCTACAAAAACCCTA	0.234333113
GAGTACAATATGAAAAGTAACACACGAGCA	0.407330245
TGAGGAGTGACGTTAAAACNATCTTATCTT	0.0630432814
AGAAAAAAAAAAAAAGAAAAAAAAAAATAG	0.971731484
AATGCCATAACAACTGAAGAAAGCAAAAAA	0.382782012
AACAAAACTATAAAAATAAATAAAAAAAAA	0.960364819
CACATACAAAAGCCCAGAATGGAAGGATAA	0.225414127
AAAATAAAAAAAAAGAAAAAAAAAAACAAA	0.970887423
TAAAGAGAAATGCAACTAATCAATCGTCAT	0.532912612
ATACTNTNAANCACCATGNATTCCATGAAT	0.00961442292
TAAAAAAAAACAAAAAAAAAAAAAAAAAAA	0.987566113
AAAAAAAAAAACAAAAAAGAAAAAAAAAAA	0.976036847
AAGGCAAGACAAATAAAACAAAACAAAAGA	0.809155405
GGAAAANACATGGNGTGAAGAGCGGAGATA	0.878818274
CCGTTGAAAGATAAACTCTCTTAAGGGACA	0.169148624
AAAAAAAAAAGATAAACAAAAAAAAAAAAA	0.967280567
AAAAAAAAAAATAAGAAAAAACTAAAAAAA	0.976936758
CAAAAAATAAAAAATAAATAAAAAAAGAAA	0.991816938
ACTACAAAACACTAAAAAAGCAACAAGGCA	0.672554791
ACAAAAAAAAAAAAAAATACAAAAAAAAAA	0.984948575
GGGAAAAGGATTCAAATATCCTGATTATTC	0.235093385
AGGATAAAATACCGTAAAGTAAGAATTCTG	0.599710822
AGAACAAAAAAAAACAGAACAAAAATAAAA	0.958081186
AAGACGTACGAAGTGGAAAACTATAATACA	0.125537634
AAAGAAACAAAAANCTGTAANAANAANAAA	0.957937837
TATATNTNAAATGAGTCANTNANACGNNNN	0.0420480967
GCGAATGAAGTGCTTCGCTCAATTAAACAT	0.00952301174
AAAAAAAAAGAAAAAAAAAATAAAACAATA	0.975429296
GCTAAAAATATAAAAGAAAAAAAAAAACAC	0.975614667
AAACATTTAAAGAAAATCGATGATACAAAC	0.708715916
ATAGACAAGAACCAAAACTAAAAAAAATAA	0.826153398
TGACATAAGATAAGGAAAAAAAAGACTACA	0.932827294
AAGCAACAAAGAAAGTGAACGGGAGCGAAA	0.775431275
GCCAGGAATAAAAAAGAGAAAAAGAAAAGA	0.96760422
AGACCACTGAAAATAAAAACAGAANAACCA	0.803567529
GAAAAAAATTAATAATTCAATAAATAAGAC	0.984979689
ACGGAAAAAAAAAAAAATAAAAAAAAGAGA	0.985714197
AGAAAGTAAAACAAAAATATAAACAAGAAA	0.92095089
AAAACGATAAAGAAAATGACAAAGAAAACG	0.969664156
AAACAAAAAAAACAAATAAAAAGAAAAAAA	0.981102288
AATAGAAACATGAATGAAATCATCAGCATG	0.527752221
ACAANTACNGNCAAATTACAGATAAANGGC	0.280646533
AAGNGAAGATTCAAGANCNGAACAGAGNNT	0.326778173
AAAAGAAATAAAACGTAATTAAAAAAATTA	0.971083522
AAAAAAAATAAAAAAAATAAAAATAAAATA	0.983504951
NNCGTANAATANGCTAATATANAGAAANAG	0.608727574
GACAAAAAGGACACCGAACGTCAGAACAGA	0.850631237
AAGAAAACACCGGGGGAAAACGAAGGCCTA	0.835709989
AAAAGAAANAAATAAANAAAAAGANATGTA	0.980360091
AAGACAGAAATAAAAAAAAANAACAAANGA	0.948659301
AAAAAAAAAAAAAAAAAACAAAAAACATCG	0.980719268
CAAACCAAAAACAATAAAGGTATGAAAAAT	0.896166503
NGNNAAAGATGCNTANNGNTNTAGTAAANC	0.51057452
AAAAAAAAAAGAACGAGAACTGAATAAGAA	0.95162642
AAGACTATGGATAAATTACAATGAAAAATA	0.614511788
NNAANCATCTNATGATAAGTGATNANANNG	0.27649343
ATAAAACCTNAACACATCTCANGTACACGA	0.379804909
AAAAAAAAAAACAAAAAAAAGAATGAAAAA	0.976518333
TACAAGATAAATACAAGACAAGAACAATGA	0.727299869
GAGCGACTAAAAACAAACTAAATAAGACAA	0.612315357
AAAAAAAAAAAAAAAAAAAAAAAGATAAAT	0.970758736
AAANCNAACATCTAAAAGAAGCAAANTAGT	0.606966138
AAAGAAAATCGAAAAGAGNAATGAAAAACN	0.97749126
AAACAAATGAGACAAGGAAAAAGTATGCTG	0.820050478
TAAACNANNNGTAACAGGCNCCACAAATAA	0.54996407
GAAACGGTCGAAAAACTAGAACGCANTNTT	0.0443114042
AATAAAAAAAAAAAAAAAAAAAAAATTAAT	0.975611389
AGACCAGGTAATTTAAAAACCGCAGACTAA	0.0302810762
NATANAGGGATAAANATATANATTTCAAGN	0.468784392
ATAAAAAAAAAAAAAAAAAAAAAAAAAAAA	0.967063069
ATTCCGAGAAACGTTGGCCCTACTGAAGGA	0.000737539609
AAAAAAAAATATACTAAGAAATCAAAAACA	0.969188333
AATAGCTGAGTAGAATGAAATATAAAAAAC	0.543743551
AAAAAAAAATAAAATAAAAACCAAAAAAAC	0.985564411
AAAANGAAAAAATTNNAATCAAACGAAANT	0.979906499
ATTCACAAAAAAGATCATGAAAACAAATAA	0.867695808
CAACAATAGAAAAACANAAAANAAAAAGAA	0.945680201
CACAGTTAATGAGGGATGATTGATCATGCG	0.000532578444
AAAGGAANATCGCAAAATAGGAACATCGNG	0.591356158
AAAAAAATAAAAAAATCAAACAAAAACAAA	0.977169812
AAAAAAACAGAAAATAAAACAGAGTAAAAA	0.970887184
CTAGCNANCCCCCAAACAAANAACNNGTAC	0.172640488
AAAAAAAAAAAACAAAAAATCAAAAAAAAA	0.98213768
AAAAATGAAAAAAAAAAATATAAAAAAAAT	0.972403705
AACCAAAGCGCAAAAACTTAATAACGAGTT	0.32014963
ACCATGCATATAATGAAAAAAATATGAAAC	0.675446987
GAGAATGGAAAAAAAGGCACATAAAAGTAC	0.969505191
AAAGAAAAAAAAGAAAAAGTAACTACCGTA	0.97865057
AAAGGAAACAAAAAAAAAAAAAAAAATAAA	0.950498581
AAACAGATAACTCAAAAAGAAAGACATAAG	0.802173555
CCGTAGGTACCTATGGTATGGAGAATCTTC	7.08369844e-05
GAAAATATGAAGAAAAGAAAAAGACACCAA	0.98798418
CTACACCGGGAAGGATTTGATAAATATTAC	0.0354746729
AAAAAAAAAAAAAGAAAAAAAAAAAAAAAA	0.974696696
AAAAAACAAAAAAAAATAACAAAAAAAAAA	0.965384126
AAAAAAAAAAAAAAAAAAAACAAAAAAAAA	0.958419085
ACTGACAAAAGAAAAAAGCTATAGACAAAA	0.954429626
GAAAAGACAACTCTTATAAAAAAGAAGCTG	0.886131108
ATAATAANNAATTAAGAAAATCTATTANAC	0.834990144
AAAAATAAATAGAAAACAAAAAACAAAAAC	0.975172818
CCGGAAAAATAAATAATTTAGCTAATAGCG	0.941821694
AAAAACCACAAAAGAAAGCGAATCCTCAAC	0.866763115
ACCGAAAAAAAAAAAAAAAAAAAANAAAAA	0.989714444
AAAAATAAAGAAAAAACTTAAAAAACAGGA	0.985795379
CAACACGGTTTACTAGAACGAGAAAAGAAG	0.333020627
AAATGATAAAGAAATAAAATACAAAAAAAA	0.877736092
NANAAANAACNATNAATAACATTGCNAAAT	0.869472682
AAATGACAAAAGAAAAAGCCAGAAACAATT	0.94408524
ACTTGGCATAAAGCAAAAGTAGGAAAGACG	0.291901141
TACGTCGAGAAAGGGTGAGAAAGATGCGCG	0.055771064
GAATAAAAAANAANAAAAAAAAAAAAAAAN	0.976174235
ACGAAAATACAAAACATACTTAAAGGGTGT	0.821214378
ACGCAAGAAAACCAAAAAAACAAGACAGAA	0.890695453
CANCGCAGTGAAATCGGCTNAAGACANCNA	0.0142362574
AAAAAAAAAAAAAAAAAAAAAAATAAATAA	0.961577415
CAACCAAAAAGTTACAAATAGAACAAAAAA	0.868909061
AATGGATTAGTACAGTACAAAAGAAGGATA	0.263821155
TCCCTATCGAGGACAAACAGATGTCTAAGA	0.0347565562
ACGAGCAACTTTATAAAAGAACGAAAAAAA	0.511770427
AATAAAAAAACTATAAACAAAATGAAAATC	0.963584244
ATGAAATGTGATGAGTGAAGTACTAATATA	0.0952754542
AATGACAATAAAGTATCTTACATAACAAAA	0.521548569
AAACGACAAAATGATATTATTTATAACAAA	0.607800186
AAGAGATAATACAAAAATAAAATCAACAAC	0.855679691
AGAAGAAAGAAAAACAGACGAAAAAAAATA	0.977543175
AAAAAAAACACACAAAACAAAAAAAAAAAA	0.981497049
AAAATAAAAAAATAAAAAACAATAAAAGAG	0.982982337
AAAACTAAAAGAGAAGAAAAAAAGACAAAA	0.960987091
AAAGANCGACTCGAANATAGACNANACNNA	0.491872251
TTTTCACAACTACGGAACCTCAAAGTTAAG	0.0142354351
NGTTGANCTGGATNTAAAGACCACNTTGNC	0.00260096649
TCAGCGAATACCATAGGGAGCGCGGGCCTT	6.0606133e-05
GCACCTAAAGAGATAGAGATTAGGTACAAG	0.188878283
AGTAAAAAAAAAAAAGGGAGCTACAAAGAA	0.98940289
GATNNGACAAATANGTANGTATGCNAATAA	0.294098943
AAAAAAATAAAAAAAAGAAAAAAAAAAATA	0.971869528
AAAAAAAAGTAAGACAAGAGAAGATAAAAA	0.979919195
ATAAAGAAGAAACTAATAAAAAATAGATAC	0.958300829
GGAAAGCAATTATTAGATAGAAAAAACATA	0.763192117
AAAAAAAAAAAAAAAAAAAAAAAAAAAAAA	0.954449415
AGGAAAGAAACCATAATTTATGAAATATCA	0.751052678
GTAAAAAAGCAATCAACAAGAGCAATACCA	0.930755794
ANAANNAANNAAATCTAAAACACAAAGAAN	0.906872928
AAGAAAAAACATGAAAAAAGAGTACAAAGA	0.981452525
AGAANAANGAACAAAAAANTAAAAACAAAA	0.973306775
AAGTAAAAGTTTGGCCAAAGGCAATTTTTA	0.144532517
AAAAAAAAAAAATGTTAAAAAAAAATAAAA	0.963791728
AAAAATTTAAGAAAAAAGAAGATAGAACTA	0.981486857
AGAGGAACAAATATACAGAGACAATACAAA	0.688272476
AAAAAAAAAAAAAAGAAGAAAAAAAAAAAA	0.985126257
GAAATAGAAAATGAAACCTCAAAAAAACAA	0.936625481
AACTAAGNNTCCACNCACNTGGANCAATAN	0.145711392
AGACAAAAACAAATGCCAGGAAACAAAGCA	0.850272059
AAAAAAAAAAAAAAAAAAAGAAACCAAAAA	0.981555283
AAAAAAAAAACAGAAAAAAACAAAAAAAAA	0.97475636
CTCAAAGAAACGAGCATTTCNCACAAATAN	0.658588707
AACAAAAAAAAAAAGAAAATAGGGAAATCT	0.985277593
ACTAATAAAAAAAACGAAAAGAAAAAAAAA	0.962132275
AAAATAAAATTTAATAAAACAGTAGTGAAA	0.918706119
AATAATTCAGCATGAAAACGAACCAAGCAA	0.163219854
NTAAAATCNNNANTGACAGATNTGAGACAN	0.276694894
ACTCGGAGATGAACGAAAAAAATAAATGCA	0.510714769
AAGGTAGAAGATGATCAGGATAGATGTCGA	0.12044131
AACTCAAAAAAAAAAAAAAAAAAAAAAACA	0.978414953
AAANAAAANNCNATAAACAAACANACAGNC	0.933843076
TAAACATAAACAAAAAAGAAACAAAAAAAA	0.912837923
AAAAAAAAATAAAAAAAAAAAAGAAAACTA	0.978435278
AAGAAAAAAACAAAAAAAAAAAGGAAAAAA	0.976667285
AAAAAAAAGAAAAAAAAACAAAAATAACAA	0.975687385
GTCAGTTATAGAATTGGAAATATCAACGAG	0.00657411059
AGAAACAACGCAAAAAAAAACAGAGCAACA	0.943182528
GGCAAGTGCACGCAAATATCACACCACAAT	0.0105371019
AAAAAATAAAATAAAAGAAAAAAAAAAAAA	0.985324323
TAGGAAAACACGGATAAAAAATGAATCTGA	0.900114477
AAAGAGAAAAGAAAAAAAAAAAAAAAAAGA	0.97412318
AAAAATAAAAAAAATTAAAGTGAAGAAAAG	0.989433229
AAAAANCNAAAAAAAAACAAAAACAAAAAA	0.941441059
AAAAAAAANAAAAGAAAAGAAAAAAAAAAA	0.975928843
AGCAGAAAGAAAAAAGGACAACTAGAATAA	0.957381129
AAAAACATACACANAACAAACANACACGAA	0.812794328
GAAGCCATACAAAAAGAAAATCNNTCGAAA	0.627639949
AAAAAAAAAAAAAAAAAAAAACAAAANAAA	0.953009963
AGAAGCGTCTGTACCCTATTAACCCACTAT	0.00582657941
ACCGATGCCATAACACTTGCAAAATGGCAA	0.00806912128
TATAAAAACAGATGTCTCAGGACAATAAAA	0.724304795
TAGACTAACAACATACTAGCAGGAACAAGG	0.139640614
AAAAAAAAAAAAAAAAAAAAAAAAAAGCAA	0.965560794
AAGAGAAAAAAGGATCGACCAAGTCAATAG	0.937069952
ANCGGCCAAGNGCANGNATAGAAACTATAA	0.0509192832
AACAACTAAAAAAACAGTAAGAACCAAAGA	0.919539213
ACANAAAAANCTACAAAAATAAAAAAATAA	0.962862909
CCCGAGCCACCTGAAGTTTGTTCCTTGAAC	1.0543132e-06
AAAAAAAAAAAAAAAAAAAAAAAAAATAAA	0.953875899
TAATTGAAAAGAAGAAAAACCGAACCAAAA	0.938767195
GTCAACAAAGGTAAGAACGACATAATACAT	0.3728863
CACAAAAAGCACACAATTCCAATTAAAAAT	0.738393366
TGTAGCTAAGAAAAAAAAACGAGCCAAAAT	0.895446002
TTCTCGATAACACAATACATAAAAGGTAAC	0.0657340512
TACCCTAAAGCGATAAGCACCAAGCTGAAT	0.00463550771
ACATAAAANNAACACGCATACCTGAATTGA	0.800273776
ANAAAGTAACTATGCAAANAANAAAAATTC	0.805748224
ACTCAAACACAAAAACGAGTCCGAGATAAG	0.469984055
AACAGAAAAAATTCAATAGATCCGAAATAA	0.955142975
AAACAAAAAAAAAAAAAAAAAAAAACAAAA	0.947802782
AAAAAAAACATGATAAAAGAAATAAAAAAA	0.968493223
AAAAAGACAACCTNTAANTAAATAACAGGG	0.801749885
CGCAATCAATGCAAATAAAAAAGAAAAACA	0.794232547
GTACGACAATCAATATGAGATAAAGTGAAG	0.111357585
CACTATAGCACTAAAATCGCATGGTAAAAC	0.0293762349
TACACCAGATAAAAGTAATGAAAAATTAAA	0.686709821
CAGAAAACAAAAGCAAAAAAAGAAATAAAG	0.973477006
TAAAGAAGAAAGGCTAAAAAACAGAAATAG	0.962675631
CGGAATTTTTGCATAAGCCCATCTCGACAA	4.47459715e-05
AAAGCAAAAAAAAAAAACAAAAGAAAAAAG	0.958580196
AAAAACAATAAAAAAAAAAAAAAGTAAAAA	0.982349992
TAATGACTAAACACGATTCCAGGAATCGCT	0.0257431064
AAAGAAAAAAAGAAAAAAAAAAAAAAAAAA	0.984781265
GAGTTAGTATAAACATAATATGATAACAAA	0.205971584
GNAAATCGATTCGAAAAANAGAACGTAATA	0.617390156
CANGACAGAAAANACCGTNACAAAAGAAAT	0.848213136
TAAAAAAAAATAAGAAAAGAAATATAAAAA	0.990360141
AAATAATTAAAGTAGANANGATAACAAAGA	0.882496178
AAAAAAAAAAATTAAACGAACAAAAAAAAT	0.969070435
TAAAAAAAAAAAAAAAAAAAAAAATAAAAA	0.981750369
AAAAGAAAAAAAAAAAACACAAAAAAAAAA	0.976545632
AAACAAAATAAAAAACAAAGAAAAAAAAAG	0.981817424
GANTACNTATANTAAAAGTGGAAACNNACN	0.373940706
AAAAGTAGATCAAATAAAAATAAAAAAAGG	0.911263227
AAGAAAAATAAAAAAAGACAAAAGATAAAA	0.976663291
TAAATAAAACAATAAAAAATCAACAAAGTG	0.946008146
AAAAACAAAAAAAAGAAAAAAAAAAAGAAA	0.964825213
GAACATAATGACAAAGAAGTACAAACAAAA	0.772147715
AACACAAAAAAAAAAAAGAAAAACAATAAA	0.965754807
AATAACAAAAGAAAACTAAGCAAACAAACG	0.958179116
TCTAGATTAAAAACACAAGAAATCGAAATA	0.533719063
AAAAAAAAAAAAAAAAAAAAAAAAAAGAAA	0.95621419
ACATAAAAAATAAGAAAAATAAAAGAAAAA	0.974639952
AANAAAAAATAAAAAAACAAAAAAAAAATA	0.951774657
GATAAAAGTCACAAAAATGACGAGAAAAAT	0.74509722
TTGAGAGCTAAAACCAACGAAAGAGCCCGA	0.0441798903
GAGAAACGAACAAACATAAAAGAAAAAATT	0.872075379
ATAAGTCAAATAATAAAATTAGCAAATTAA	0.677323163
ATAAGAACACGCAAAAAACAAAGAAAGAAA	0.825816453
AAAACTTCAAATAAAAAATAAAAAAAAAAA	0.900706053
TGCAATACCCAATATCAACCCTCTCAAACC	0.0102826711
AACAAAAAAAAAAAAAAAAAAAAAAAAAAA	0.960035086
TAATGACTATGAAAAAAATACACCAAGAAA	0.69065851
TAAAAAAGCGGAAAAAGGGAGAAATCAAAA	0.962957501
AAATAAAACAATGAAAAAAAAATAAAAAAA	0.980670214
GAAANNAAGAAAGATNTAAAAAACAAANGG	0.957505941
AAAAAAGAAAAAAAAAAAATCAAAAAAAAC	0.985004544
TATCAAAGAAAAAAAAAGATAAAAGAAAAA	0.984089911
GAATAATAGTAAAAAAAAACCAGAGAGATA	0.938591599
ATCAACCAACAACAACACACAACAACGTCT	0.188084945
AAAAAATAAAATGAAAAAATAAAAAAAAAA	0.988974929
AGTGAAGAGGATCATAAGCAAAAAGGGCTG	0.296420991
CAAAAAAAAAAAAAGAAAAAAAAAAAAAAA	0.990409732
TGATATAAATAGTGGCGGGCATTCTCATAA	0.0798491463
CCAAAAATCATAAACAGAACGACCTATGGT	0.823019326
AAAATAAAAAAAAAAAAGAAAGAAAAAAGA	0.980675817
GAACAAATGTAAAATAAATGAAAGAAAAAA	0.953290999
ANGANAANTAAACAAAATTTAAATAAAAAT	0.933751762
ATAAAAGAAGATACGGATAAAGAGAACTAA	0.929741681
AAAAAAGCAAAAAAAAAAATAAAAAAACGA	0.986266077
NNAAATAAGAAAAAAACTCTTATAAAAAAA	0.97144556
CATTAATCAAACTCAATTCATAAAAACTAA	0.314319611
AGAATAAGANCAAAAAAAAAANAAAANAAA	0.980316579
ATGGACGCCCAATACCAGAGGGANAAGTAN	0.000975830073
AAAAAAAAAAAAAACAAAAATCCAAAATAA	0.984597921
TGGCAGGTAGATAGTCATCTCAATCCCCAC	1.19438473e-05
AACAAAAAAAAAGAAAATTTAAAAAAAAAA	0.985419929
AAGATAGCAACATACACTACCTGCAGGCGT	0.0445867963
AAAAACAAAAAAACAAGAAGAGAAAAAAAA	0.930988729
AAAGAAAAAAAGAAAAAAATACAGAAAATA	0.982573032
AAAAATAAAAATAAAAAAAAAACAACACAA	0.986540854
AACACCAAAAAAAAAAACATTGTAGGACAA	0.955766559
ATAATAACTCACTAATCATTAGGGGAAAAA	0.0882113427
AATCNANATTAAGACACNGTAAAAACAATA	0.497979254
AGTAACCAACTAACAACCAATGAAAATAAA	0.356873363
AAAAAATAAGCAAAAAAAAAAAAAAAAAAA	0.995154977
ATAAAAAAAAGAAAAAAAAAAAACAAACAA	0.979774833
AAAGAAAAAAAACATATTTAGTAAAAGAAA	0.98876524
AAAAAAAAAAAAAAAAAAAAAAAAAAAGAA	0.95734334
CACCAATGAGACCCCATCAGAGACCCTAAC	0.0101568121
AAAAATAGAAAAAATTAAAAAAAAAAAAAA	0.985503435
AAAAGCAATAACTAAAATACAAAGAAAAGG	0.871937096
GCAGTAGATGGTAACGAATTCAAGACACAA	0.0794379339
ATACGTAAAAGTAATAAACTGAGAAATAGT	0.626379371
AAAAAGAAAAAAANAAATTCAAACAAGNAN	0.982999384
AACAAAAAAAAAACAAAAAAAAAAAACAAC	0.979661226
TAAAACAATANTAAANGAAGNAAAAAAAGA	0.967592835
AGCAAGAATATAGAAATCTAGAGAAAATAG	0.866244495
AAAAAAAAAAGCAGAACGAATAAATAAAAA	0.906897008
GGAAGAAAGGTCTGTGATACAAACCATATA	0.557948232
CAAAGAACATGCAAAGCCAGGTGAAGACGA	0.824259222
AAAAATAAAAAAACAAAATAAAAAAAAAAA	0.972922742
ANGCTATANAACACATGCTGCTAAANAATN	0.38660562
AAGAAATAGAATATTCGCAATACACACATA	0.81635803
TAAAAAGAAAAAAAAAAAATAAAATAAATC	0.994853079
TTCATAAGCAATCAAATAAAAACAAAGAAA	0.583580196
ATAGACAGACGTGGGCCAATCACAATCATG	0.00913714804
AAAAAAAAAAAAAAAAAAAAAAAAATAAAA	0.950910151
AAAAAAATAAAAAAAAGAAAAAAAAAAATA	0.971869528
TAAAAAATAAAAATAAATAAAAAAGACAAC	0.990045846
AAAAAAGAGTACCGCGAAACAGGGGCGACA	0.901647091
CTAGAGGATAAAAAAGTAGAACAGAAGATC	0.894364357
AAAAAAAAAAAATAATACGAAAGGGAAAGC	0.976615667
AAAAAAACAANAAAAAAATTAAAAAAAAAA	0.96488601
ACAAAAAAAAAAAAAAAAAAAAAAAAAAAA	0.969325662
NAACAACAAGAAAAAAANAAACGTAANAAA	0.964478076
AAAAAAAAAAAAAATAAAAAAAATACAAAC	0.982840121
CAAAAGAAAACCGTGCAAACAATTTACGCA	0.920923352
AGAAAATAGCAAAGATGAAACTACAAATAA	0.882488906
CTCTGATACATACGACACGACCAACCTCAG	0.00387853989
CAACAGATGCATCCACAAGATGTCCAGGAA	0.0400729403
AAAACAAAGAAAAAAATGAATAAACAAAAC	0.983468056
AAAAAAAAATAAAAACAACAAAATAAAAAA	0.975862861
ATGAAAATACTGTAAAAGATAGGCAAAAGC	0.772405088
AAAGCTAAATGAAAAAAGAAAACCCACTAT	0.886368394
CACAGAATGTAAAAAGACACAAAAATGTCG	0.880351245
CGTCACAAAACTAACACGGTAATTGGTGAG	0.305374146
CAAAACCACCAGAAAAACCGCCAAACTCGC	0.463224381
ACCTAAGAAAAAAATAATAAAAAAAACAGA	0.9589957
TAAACAGAAAAGAGAAAAAAAAAAAAAAAA	0.985246778
CGAACTAGCAAAATTACATTAAAATCTGCT	0.287165016
CACGACNANTCATCGACCNCTGACNNANNT	8.82594832e-05
ATAAAAAAGAAANAAAAANANAAACANCAA	0.980843365
ACCATAAAAAGAATGAATAAAAAGATTAAG	0.947489202
ACAACTCAACAAGAAAAAACAGGAGAAAAA	0.86354363
ACGTCCAGAAACCGTCGGGCTTAAACCAGC	0.00156310014
AAATGAAAAATTGACAGCGCGTTGGAAAAG	0.162194788
AAAAAAAATAAAAAACAAAAAAAAAAGAAA	0.981749058
CAAAAAAAACAGAATAGGGGCAAAAAACTA	0.977835953
CGCAAACATTAGAAGCAAAAACTAAAATAC	0.596596777
TAAATACGTACAAAAAGAGGAATACAAAAA	0.787110507
ATAGGTAACAAAAATACAAAATAATATGAC	0.795426071
GGGAAATACTTAAGGCAGACCACAATAAAC	0.178033501
AAAGGCACAAAAAGCAAACCAGGTAATAGA	0.708194971
ACAAAAGTAAAGGATAACGGAGAGATAAGG	0.92287904
CCAAAAAAAAAAAAAATAAACAGATAACAA	0.992070854
AAGAGAAAACAAAAAGAATATCAACCNANT	0.948714733
AAAGACATAAAATNTCGGNNANAAATCAGA	0.747097492
AAAAAAAAAAGAAAAAGAAAAAAAAGAATA	0.960944772
CAACAGGGAAATGATAAACATCCTCNAATT	0.219696075
ACACACACAGAATTAAAAGCAACCTCACTA	0.142185032
CTTAATTGCTAAAGAAACTAAGTCAAGAAT	0.218795091
AAACTAGCCAAAAAGAACGAAATACGGAAT	0.552996695
AAAGAAAACAAAAATAAAATTAAAACAAAA	0.966389656
AAAAAAAAAAAAAAAAAAAAAGACCACAAA	0.983348966
ACCAATATTGATTCTCTTAAGAGAAGGCGT	0.0524032749
TACTCAATACCTTGAAGAGCACAGACTATG	0.0399267748
CCAAGTATGGATATTAGAAAAAGTTATACA	0.40087226
GNCCANAGTAAGAAANAANAAGAAANANGA	0.899039447
AGAGCCGAACCAAACATAGCCAGGCCCTTT	0.0349862128
AAAAANAAAAAAAAAATATAAAACCAAATA	0.975202501
AAGTGCAGATAGTTCAAAAAAACATAAAAA	0.39152354
CAAAATGAAAAAAAAAAAAAAACCCAGCAC	0.992130697
TCAAAAAAAACGAGTAAATTAAATTTCAAA	0.954266012
AAAAAAAAAAAAACAAGAAAAAAAAAAAGA	0.97700876
ATACTTAAATTCACAGCATAAAAGCATGAC	0.110839821
AACACANAACCCTAAAAAAAATGGTCAAAN	0.622999966
AAAAAAAAAAAAAAAAAAAAAAAAAGACCA	0.975653112
AGAACCGTGAAATACTCCGAGAGAAGAGAA	0.103809558
ATTTCGGCACATCAATAAAAGGAATAAAGA	0.124611489
TGAAAAAGAAAAAATAAACCTACACAACGA	0.990733385
AAAAAAAAGAAAAAAAAAATGAGAGAGAAA	0.97962451
ATTATAAGAAAAAACGGACCCATATAAAAA	0.864491045
AAAAAAAAAAAAAATAAAAAAAAAAAAAAA	0.979859531
GCCAGGCTACGTAAAACAAAACAATAACAA	0.237648666
NGAGATCAAAAAAACGAANTAATAANAANA	0.939846754
AACAAAGAGAAAATAAACCCGTAAAAAAAA	0.971453547
ACGAATGTGCCGGTGGAATTACAGGCTTAA	0.000260624889
ATGTGGAATTGACGAGAGTACGAACAGAAA	0.0233394746
AATCAAAAAAAAGAGAATCGAAAGAATAGA	0.97985065
AAAAAAAATAACAAAATAAATAAAAAGAGA	0.986837685
AAAAAATAATTCGTAAGAAAGTTCACCAGT	0.967617929
AAAAAGGAAAAAGAAAAGCAAGATAAGAAA	0.974076331
AAAACGTGNNANGNGGNAANATAAGAGTGC	0.538606346
AAATAAACAAATAAAAACAAGAAATTTAGC	0.932020724
AAATAACAAAAGAAAAAAAAAAAGAAACAA	0.966826797
AAAAAAAGAGGACAAAAAAGAAAAAAAAAA	0.975713253
AATAATAGAAAAAGAAAAAAAAATTAAAGA	0.981639564
TAGCGGAACTGACAACCATCACGGAGCTCA	0.000516927161
AAAGCCAAACAAATAAGCGAATAAATTTAT	0.660703599
GAGAAACCATACGAGAAAAAAGAATAGAAA	0.842552602
AAAACACCGAAAACAGACACTGGCAACTCA	0.818038225
TACAAAATTAATAAAAAAAAAAACCATGGA	0.981910408
ANCCTAAAAANGCACGANNACGCATAANAA	0.565871537
ACAAGAACACNGGCNAGTNCCTCNCNGAAG	0.310794473
AAAAAAATATGAAAAAAGTATAACGGAAAA	0.992224216
AGCAAACCAAAAGCAATAAATTAAAAAAAC	0.666485786
AAAAAAATAAAATAAAAGACATAAAAGAGA	0.985594213
AAAAAAAAAAAAAAAAAAAAAAAAAAAAAA	0.954449415
AAAACAGGAATAAAATTACATAACCCAGAA	0.852534711
GTAAAAAACGAATTGAAATAAGTCGAAAAA	0.950220346
CACAAACAAAATTGAAGAGATGATATAATA	0.845923305
AAAAACAAAAAAACAAGACAAAAAAAAAGA	0.967349172
ACAAAAAAGAGAAAAAAAACGACGCAAGAT	0.992600203
AAAAAAAAAAACAAAAAAAAAAAATAAAAG	0.971518874
GCCAAGTAACACAAAAACAAAGAAGAATAA	0.79449743
GCAAAAACATGAATGAAGAAACATAAAGTG	0.935653627
CATAAATATAATTAAATTAGTCGGATAGGA	0.478615582
AAAAAAATACAATTACGAAACCAAAAAAAA	0.856854856
ACATCAGGGTGTGTGTTCAACAAAGATATC	0.237405837
CACAAGAGAAGTAGAAGTCATACACAAAGA	0.531925201
CCAAGAAAAGACAGTTGCAATAAAAGAATT	0.885073125
GTAAAANAAANANCTAGCAGNANAAATGAA	0.949225545
ATAAAAAAGAAAAATAAAAAAAAAAAAAAA	0.990316331
CAAGGTTATAAACTCGTTTATATGGAAGAA	0.0532206818
AAACAAAAAAAAAAAAAAAAAAAAAAAAAA	0.942390919
CACAGTTAACTCATCTATAGTAAAATCGGG	0.0221092682
AAAAAAAAAAAAAAAAAATATAAAAAAATA	0.974844575
CCAGCGTATAAGACAAGCATAGGACTCAAA	0.0528158247
AAAACAGAGCGCTAGGAAAGGGGAGACCTA	0.425434113
AATAGAAACATCGGAGCTATGCGGATGGCG	0.160529315
GCCAAATAAGTTAAACCTTAACCAAAGGTA	0.415477514
AAATAANCACAGATAGAACACAAAAAAAGA	0.869346797
AAAAATAACAGTACCAAAAAAAAAAAAAAA	0.926756918
ATAAATAAAAAAATAAAACAAACAGATAAT	0.974708438
AAAAGAAATAAGAAGAAAAAAGACAAAGAG	0.986854196
TAATAACTTGATTCTACCTAATAATTGTAA	0.0238865279
TATCAAAAGCTAGAAAACAGACACTAGGAA	0.606855571
AAAAAACACAAAAAAAAACAAATAAAATAA	0.972311437
CAATAGACGTTCACACAGCCTGTGCTGTGC	0.00856490806
CGTGAATAGTCCCCCAAAACCGGCGCTTTA	0.00014626146
AAACAAATAAAATAAGAAACAAAAAAATAA	0.968221903
ACAAAAAAAAAAAAAAAAAACAAGAGAAAA	0.984285772
AACAAAAAAAACATTAGAATTCATAAAAAA	0.902321398
TAACAAACAATGTGAAAAACAAATAACAAA	0.864972234
AAAAAAAAAAAACGACAAAAAAATAGATNN	0.957300961
CAAGAGGTTACAACCTAAGTGCCAATAAAT	0.26502955
AAAAATAAAGTAAAAAAAAAATCCACAAGA	0.989207566
AAGAAAAAAAANAACAAACAAAAAAGAAAA	0.979760468
AAAATTAAAACATAAAAAAANAGAACGAAC	0.939287841
AAAAAAATAAAAACAAAAAAAAAAAAAAAA	0.987903535
AACAAAATCAGAAGAGAAAACAAGCAAGCA	0.94943738
AGATTAGCTAAATAAAGAAAAAAACTAAAA	0.802010715
AATGGNACANAAATANCACTTTANATATAN	0.331794113
GCCAAGAGCGAGTTTGAGACACGGAGACAG	0.00169954333
TACATAAAAATTGAAAAACAAAAATACACA	0.920073569
GCGACACTCTGAATACTGATTAACCGAAAA	0.00764297275
AAAAAAAAAANAAATAAAAAAAAAATAAAN	0.971471548
AAAAAAAAAACAGAAAAAAAAAAAAATAAA	0.971753895
AGACTAATTAGGAAGGAAAAAATAAAGCGC	0.815654516
ACCAGGAAAAAAAAACAATAGGAACAAATG	0.970832348
AAAGAGAAGAATTAAAAAAAAAAATAAGAA	0.983546495
GACCAGCTACTGACAAGTACCTTAGAACAA	0.0136263585
AAGAATGTCAAAGATCCCCAGACAGTCTAT	0.0824522451
AAAAAATAAACAAAAAAAAAAAAAAAACAA	0.983114004
AATACAAGGTCACAGGGGACGAAGAAGTCG	0.0558168329
GATAACANTGAAAGCACNCNAATCTAAGAN	0.144061804
AATAAATATAAATATAAACGACCCAAAAAA	0.730858326
AAAAAAAGAATATAATATAAAAATAAAAAA	0.976949811
GGAAAAANAAGCTNNCCTATGAGCACTTAC	0.937332332
AAAAAAAAAAAAAAAATAAAAAAAAACAGA	0.973980069
TACCAAATCATAGAAAGATTACAAAATCCT	0.45202598
AAAAAAAAAAGAAAAAAAAAAANAAANAAA	0.958921194
GNAAATAAAACCGNCATATACCNAAACAAG	0.801799476
TAGAAAAAAGACCCCATCAATAAACAGTCT	0.881116807
TCGAAAAAAAAAAAAAAAAAAAACTAAGAA	0.99311173
NNCAAAAAANAAGTATTAGTCTAAAANAAT	0.952368557
AAGAAAAAAAAAAAAAAAAAAAAAAAACAA	0.960773528
GAATTACAAATACGGTTACAACGCAATGCA	0.0769457445
TAATAAAAGAGATTAGAAAACAAAAGCAAT	0.942379475
AATAAAAAATAAAGAAACAAAAAAAAAAAA	0.978052914
AAAAAAAAAAAAAAAAAAAAAAAAAGAAAA	0.954926133
GCAAGCAGAATACAAGAGAGGAAAAAAGAC	0.842920482
CTTCAATNACAGTATCAGGAANTATCAAGG	0.0212387666
AAAAAAAAAAAAAAAAAGAAAAAAAAAAAA	0.971147418
AATAAGAAAAATAAACAACAAAAAAGAAAA	0.968178451
AAGAAATACTAAAAAAAACTGAAAACAAAG	0.964424074
AAAGAAAAATAAACATAAAAAAAAAACAGA	0.975334823
ATCGTTAGAAATACGAAGTTTCCAACAAGA	0.055353608
ATGAATAATCATAGATAGTCTTACTCACGA	0.00930329971
ATGAGCAAGAATAAGGGCGGACGAAAAATG	0.479638726
ACGAACAATAAGGGGAAAAAAGGCTAAAAA	0.935933352
ACCTAAATATAAAACAAGTAATAGAGTTAA	0.630511045
ACTTACAAGGCGGAANTANNGANANAAGNN	0.391246408
NATNAAAAAACAANTAAGANATAAGTGGAA	0.950923979
AATTAAAAAAGAACAAAAAAAAAAATATAG	0.970437706
GTAACATACACTATCAGAAACAAAAAAAAA	0.350923717
TCTAAATAGCAATATAAACATTTATCAGTT	0.17425862
ATGAGTAGAAAAAGAAACCTACAAGAAAAA	0.935435236
AAAAAAAAAAACCCTCAACATAGCAAAGAA	0.942691684
TAAAAAAAAAAAAAAAACAACAGGACGGAA	0.987689734
AAAAAAATAAAAAAAAAACAAAAAAAAAAC	0.98488903
TATCACAAAAAGAAGTACGGAAAGAAAAAA	0.934841096
AGGCNTAAAAAAAAAGTATANAAATAGANA	0.950972378
AACAACCAAAAAACTAAAAAAAAAAAAGAA	0.941539466
TAAAATATATAAGGAAAAAAAAAAAAGGTG	0.982088923
ATGCGTATTCCAGATGCCATAGTTACGTTA	4.76447858e-05
AGAATAAAAAAAAAAAATAAACCAAAACAG	0.984033465
CAGAAGAAAGCAGGCATCAACACAGGTTAA	0.65931195
AATACATAGAAAAATGAGATAGGCTAACAG	0.785599351
GAGACGANTTGTCANCGACATTCAATCGCA	0.00041674191
TTAAACAACCCAAACACAAAACGAAAAGAT	0.42041105
GAAATAAAAAAAAAACAAAAAAAAGAAAAA	0.976402164
AAAAAAAACAAAAAAAAAAAAGAAAAAAAA	0.965157211
AAAAAAAAAAAAAAAAAAAAACACAAAAAA	0.96422267
AAAAAAAAAAAAAAAATAAAAAGAACAAAA	0.976178467
ACANTACNAAANCANCANCCNGGAATNNTA	0.512356579
AGCGGTGTAACTCACTGCAGATATATAATA	0.0419473089
CAAAAGTAACTNAAATGTGACNAAANNAGC	0.775757015
AAAATTAAGAGAAATAAAAGAAACAGAGAG	0.964791775
AAAAAAAAAAACAAAAAATGAAAAACTAAG	0.976832986
AAAACAAACAAAACACTGAGATGAAAAAAA	0.916217983
TTATTAAAAAAAACACGAAAAAAAAGAAAA	0.950430393
GAATAATAAGCCAAACAAAATCAAAAATAG	0.652269363
AACAGATAAAAAAATAAAGCATAATAGACA	0.934756756
AGGGAAAAATATAAGAATACAGATAGGAAA	0.949085951
AAACAGNAAAAGANAAAGAGAANCAAGAAA	0.928587079
GAAAGCAAAAATTTAACAAAGAATAAAATG	0.928878903
ACATTTCACATAGACAGCACTACAAGGTCA	0.00900671817
AAAATAAAAAAAAAATAAAATCACTAAAAA	0.976248443
CAAAAAANNAAGAAAAAATAAAAAAAAAAA	0.993424892
AAAAAAGACAGAATAAAAAACAGAAGAGTA	0.988204718
TCAACAAATAAAAGATAGAAAACCATCCTA	0.901434898
GGGTACAAGCTTCTAAACATACTAACTTTA	0.0330813788
TCAAGCAATGGTGCCAAAGAGCGAAAATAA	0.150912851
CTTTATACAAAGCTAAAAAAGAACTGAAGG	0.391945034
AAAAAACAAAAAAACAAGGTAAAACAGAAA	0.982859075
AAAGAAAAAGAAAAACAAAAAAAAAACAAA	0.971669555
AGACGACTAAAAAAAAAAAAAGAAAAAATC	0.968962967
AAAAAAAAATAAAAAAGAAAAAAAAAAAAA	0.977143288
TACAGCTAACGATAAGAAATCAAGGGAAAA	0.296802074
ATAGAAAAAAAAAATAAAAAAAAAAAAAAA	0.988020599
TTGAAAAACTCAACGAACTGGGAACTTTTG	0.324870229
CATGAGANANAGANTTGNTANNCGACNGCC	0.246627435
AACGGGCAAACCAAAAAGCAACCTGAGATG	0.0144641018
NAGAAAAAAAAACAAAAAACAAAAAATAGA	0.977400243
AAAAAGACATCAAAAGAAAAGAAACTGAAT	0.961782336
AAAAAAAAAAAAAAAGCAAGTAAAAAAAAA	0.967805147
AAAAGAACAAAGACGTAACAAAAAAAAAAC	0.925717354
GGATCATAAAAATTAAAAACATCCTATATA	0.782227218
ACCGAACGCAGAATCATTTCCAACACATAA	0.0400271788
AGTAAAGAACAAAAAACAAAACAAAGATAA	0.930311322
AAACGTGGAGGGAGAACCTATAGCCATAAA	0.000158553958
TACAAGAAACAAAAAAAAAACAAAAAAATA	0.962966681
CAAAAAAAAAAAAAAAAAAACATTCCAACA	0.992387772
TACGAAAAAAAAAAAAAATCCTAGCAAGAA	0.994729459
ATTTAAAGAGAGGACAAACTAATGACAGCC	0.172274068
AATAAAAAAAAATAAAAAGTAAAAAATAAA	0.987459064
AAAAAAAGAAAACAAAAAAAAAAAAAAAAA	0.987966597
AACCGGAAGATGAGAATATAAACAAAAAAC	0.480685949
CAAAAAACAATGAAAACAAAAAAAGTAAAA	0.988308668
AAAAAATCAAAAAAAAAAAAAACATAAAAA	0.989001393
ATAAAAAAAAAAAAGAAAAAAAAATAAAAA	0.981570899
CAAAAAAACAAAAAAAAAGAAAAAATAAGG	0.981420219
CAAACCACAAACGAAAGAAATTACAAATAC	0.6578511
AATATCAGCCCAACTAGAAGCAAAAATTAA	0.0108127864
AAAATAAAGAAAAAAAAAAAGAAAACGAAA	0.981823742
ATGGAACTTAGCCTGAAGGATAAAACTGGC	0.126814619
TAAAAAAAAGAAAAAAAAAACATGATAAAA	0.986938834
ACGGAACAGAATCAAGAAAAGGACCGGAAA	0.565937757
GGACGTAGATAAAACATAAAATCTAAGAAG	0.347910732
AAAAAAAAATCAAAATGAAAATAAAAAAAA	0.961891949
ACAACAGAAGAAGAAAAAAAAAAAAAAAAG	0.992165089
TGCATAAAAAGAAGTCATGAGAGTATAAAT	0.79727751
GTAGANNANCNGTNAGGTAACNAAACAANG	0.318546355
AAAAAAAAAAAAAAAAGAAAAAAAAAAAAA	0.967451096
AAAAAAAAAAATAAACACTAAAATAATCAA	0.980661511
AAAAAAAAAAAAAAAAAAAAAAAAAAAGAA	0.95734334
AAAAAGTAAAAAGCAAACACAAAAATCACA	0.931103766
AATCAAATAAAACAAAATAAAAAGAAAAAA	0.925603867
